"","batch","celltype"
"Batch1_Cell1","Batch1","1"
"Batch1_Cell2","Batch1","1"
"Batch1_Cell3","Batch1","1"
"Batch1_Cell4","Batch1","1"
"Batch1_Cell5","Batch1","1"
"Batch1_Cell6","Batch1","1"
"Batch1_Cell7","Batch1","1"
"Batch1_Cell8","Batch1","1"
"Batch1_Cell9","Batch1","1"
"Batch1_Cell10","Batch1","1"
"Batch1_Cell11","Batch1","1"
"Batch1_Cell12","Batch1","1"
"Batch1_Cell13","Batch1","1"
"Batch1_Cell14","Batch1","1"
"Batch1_Cell15","Batch1","1"
"Batch1_Cell16","Batch1","1"
"Batch1_Cell17","Batch1","1"
"Batch1_Cell18","Batch1","1"
"Batch1_Cell19","Batch1","1"
"Batch1_Cell20","Batch1","1"
"Batch1_Cell21","Batch1","1"
"Batch1_Cell22","Batch1","1"
"Batch1_Cell23","Batch1","1"
"Batch1_Cell24","Batch1","1"
"Batch1_Cell25","Batch1","1"
"Batch1_Cell26","Batch1","1"
"Batch1_Cell27","Batch1","1"
"Batch1_Cell28","Batch1","1"
"Batch1_Cell29","Batch1","1"
"Batch1_Cell30","Batch1","1"
"Batch1_Cell31","Batch1","1"
"Batch1_Cell32","Batch1","1"
"Batch1_Cell33","Batch1","1"
"Batch1_Cell34","Batch1","1"
"Batch1_Cell35","Batch1","1"
"Batch1_Cell36","Batch1","1"
"Batch1_Cell37","Batch1","1"
"Batch1_Cell38","Batch1","1"
"Batch1_Cell39","Batch1","1"
"Batch1_Cell40","Batch1","1"
"Batch1_Cell41","Batch1","1"
"Batch1_Cell42","Batch1","1"
"Batch1_Cell43","Batch1","1"
"Batch1_Cell44","Batch1","1"
"Batch1_Cell45","Batch1","1"
"Batch1_Cell46","Batch1","1"
"Batch1_Cell47","Batch1","1"
"Batch1_Cell48","Batch1","1"
"Batch1_Cell49","Batch1","1"
"Batch1_Cell50","Batch1","1"
"Batch1_Cell51","Batch1","1"
"Batch1_Cell52","Batch1","1"
"Batch1_Cell53","Batch1","1"
"Batch1_Cell54","Batch1","1"
"Batch1_Cell55","Batch1","1"
"Batch1_Cell56","Batch1","1"
"Batch1_Cell57","Batch1","1"
"Batch1_Cell58","Batch1","1"
"Batch1_Cell59","Batch1","1"
"Batch1_Cell60","Batch1","1"
"Batch1_Cell61","Batch1","1"
"Batch1_Cell62","Batch1","1"
"Batch1_Cell63","Batch1","1"
"Batch1_Cell64","Batch1","1"
"Batch1_Cell65","Batch1","1"
"Batch1_Cell66","Batch1","1"
"Batch1_Cell67","Batch1","1"
"Batch1_Cell68","Batch1","1"
"Batch1_Cell69","Batch1","1"
"Batch1_Cell70","Batch1","1"
"Batch1_Cell71","Batch1","1"
"Batch1_Cell72","Batch1","1"
"Batch1_Cell73","Batch1","1"
"Batch1_Cell74","Batch1","1"
"Batch1_Cell75","Batch1","1"
"Batch1_Cell76","Batch1","1"
"Batch1_Cell77","Batch1","1"
"Batch1_Cell78","Batch1","1"
"Batch1_Cell79","Batch1","1"
"Batch1_Cell80","Batch1","1"
"Batch1_Cell81","Batch1","1"
"Batch1_Cell82","Batch1","1"
"Batch1_Cell83","Batch1","1"
"Batch1_Cell84","Batch1","1"
"Batch1_Cell85","Batch1","1"
"Batch1_Cell86","Batch1","1"
"Batch1_Cell87","Batch1","2"
"Batch1_Cell88","Batch1","2"
"Batch1_Cell89","Batch1","2"
"Batch1_Cell90","Batch1","2"
"Batch1_Cell91","Batch1","2"
"Batch1_Cell92","Batch1","2"
"Batch1_Cell93","Batch1","2"
"Batch1_Cell94","Batch1","2"
"Batch1_Cell95","Batch1","2"
"Batch1_Cell96","Batch1","2"
"Batch1_Cell97","Batch1","2"
"Batch1_Cell98","Batch1","2"
"Batch1_Cell99","Batch1","2"
"Batch1_Cell100","Batch1","2"
"Batch1_Cell101","Batch1","2"
"Batch1_Cell102","Batch1","2"
"Batch1_Cell103","Batch1","2"
"Batch1_Cell104","Batch1","2"
"Batch1_Cell105","Batch1","2"
"Batch1_Cell106","Batch1","2"
"Batch1_Cell107","Batch1","2"
"Batch1_Cell108","Batch1","2"
"Batch1_Cell109","Batch1","2"
"Batch1_Cell110","Batch1","2"
"Batch1_Cell111","Batch1","2"
"Batch1_Cell112","Batch1","2"
"Batch1_Cell113","Batch1","2"
"Batch1_Cell114","Batch1","2"
"Batch1_Cell115","Batch1","2"
"Batch1_Cell116","Batch1","2"
"Batch1_Cell117","Batch1","2"
"Batch1_Cell118","Batch1","2"
"Batch1_Cell119","Batch1","2"
"Batch1_Cell120","Batch1","2"
"Batch1_Cell121","Batch1","2"
"Batch1_Cell122","Batch1","2"
"Batch1_Cell123","Batch1","2"
"Batch1_Cell124","Batch1","2"
"Batch1_Cell125","Batch1","2"
"Batch1_Cell126","Batch1","2"
"Batch1_Cell127","Batch1","2"
"Batch1_Cell128","Batch1","2"
"Batch1_Cell129","Batch1","2"
"Batch1_Cell130","Batch1","2"
"Batch1_Cell131","Batch1","2"
"Batch1_Cell132","Batch1","2"
"Batch1_Cell133","Batch1","2"
"Batch1_Cell134","Batch1","2"
"Batch1_Cell135","Batch1","2"
"Batch1_Cell136","Batch1","2"
"Batch1_Cell137","Batch1","2"
"Batch1_Cell138","Batch1","2"
"Batch1_Cell139","Batch1","2"
"Batch1_Cell140","Batch1","2"
"Batch1_Cell141","Batch1","2"
"Batch1_Cell142","Batch1","2"
"Batch1_Cell143","Batch1","2"
"Batch1_Cell144","Batch1","2"
"Batch1_Cell145","Batch1","2"
"Batch1_Cell146","Batch1","2"
"Batch1_Cell147","Batch1","2"
"Batch1_Cell148","Batch1","2"
"Batch1_Cell149","Batch1","2"
"Batch1_Cell150","Batch1","2"
"Batch1_Cell151","Batch1","2"
"Batch1_Cell152","Batch1","2"
"Batch1_Cell153","Batch1","2"
"Batch1_Cell154","Batch1","2"
"Batch1_Cell155","Batch1","2"
"Batch1_Cell156","Batch1","2"
"Batch1_Cell157","Batch1","2"
"Batch1_Cell158","Batch1","2"
"Batch1_Cell159","Batch1","2"
"Batch1_Cell160","Batch1","2"
"Batch1_Cell161","Batch1","2"
"Batch1_Cell162","Batch1","2"
"Batch1_Cell163","Batch1","2"
"Batch1_Cell164","Batch1","2"
"Batch1_Cell165","Batch1","2"
"Batch1_Cell166","Batch1","2"
"Batch1_Cell167","Batch1","2"
"Batch1_Cell168","Batch1","2"
"Batch1_Cell169","Batch1","2"
"Batch1_Cell170","Batch1","2"
"Batch1_Cell171","Batch1","2"
"Batch1_Cell172","Batch1","2"
"Batch1_Cell173","Batch1","2"
"Batch1_Cell174","Batch1","2"
"Batch1_Cell175","Batch1","2"
"Batch1_Cell176","Batch1","2"
"Batch1_Cell177","Batch1","2"
"Batch1_Cell178","Batch1","2"
"Batch1_Cell179","Batch1","2"
"Batch1_Cell180","Batch1","2"
"Batch1_Cell181","Batch1","2"
"Batch1_Cell182","Batch1","2"
"Batch1_Cell183","Batch1","2"
"Batch1_Cell184","Batch1","2"
"Batch1_Cell185","Batch1","2"
"Batch1_Cell186","Batch1","2"
"Batch1_Cell187","Batch1","2"
"Batch1_Cell188","Batch1","2"
"Batch1_Cell189","Batch1","2"
"Batch1_Cell190","Batch1","2"
"Batch1_Cell191","Batch1","2"
"Batch1_Cell192","Batch1","2"
"Batch1_Cell193","Batch1","2"
"Batch1_Cell194","Batch1","2"
"Batch1_Cell195","Batch1","2"
"Batch1_Cell196","Batch1","2"
"Batch1_Cell197","Batch1","2"
"Batch1_Cell198","Batch1","2"
"Batch1_Cell199","Batch1","2"
"Batch1_Cell200","Batch1","2"
"Batch1_Cell201","Batch1","2"
"Batch1_Cell202","Batch1","2"
"Batch1_Cell203","Batch1","2"
"Batch1_Cell204","Batch1","2"
"Batch1_Cell205","Batch1","2"
"Batch1_Cell206","Batch1","2"
"Batch1_Cell207","Batch1","2"
"Batch1_Cell208","Batch1","2"
"Batch1_Cell209","Batch1","2"
"Batch1_Cell210","Batch1","2"
"Batch1_Cell211","Batch1","2"
"Batch1_Cell212","Batch1","2"
"Batch1_Cell213","Batch1","2"
"Batch1_Cell214","Batch1","2"
"Batch1_Cell215","Batch1","2"
"Batch1_Cell216","Batch1","2"
"Batch1_Cell217","Batch1","2"
"Batch1_Cell218","Batch1","2"
"Batch1_Cell219","Batch1","2"
"Batch1_Cell220","Batch1","2"
"Batch1_Cell221","Batch1","2"
"Batch1_Cell222","Batch1","2"
"Batch1_Cell223","Batch1","2"
"Batch1_Cell224","Batch1","2"
"Batch1_Cell225","Batch1","2"
"Batch1_Cell226","Batch1","2"
"Batch1_Cell227","Batch1","2"
"Batch1_Cell228","Batch1","2"
"Batch1_Cell229","Batch1","2"
"Batch1_Cell230","Batch1","2"
"Batch1_Cell231","Batch1","2"
"Batch1_Cell232","Batch1","2"
"Batch1_Cell233","Batch1","2"
"Batch1_Cell234","Batch1","2"
"Batch1_Cell235","Batch1","2"
"Batch1_Cell236","Batch1","2"
"Batch1_Cell237","Batch1","2"
"Batch1_Cell238","Batch1","2"
"Batch1_Cell239","Batch1","2"
"Batch1_Cell240","Batch1","3"
"Batch1_Cell241","Batch1","2"
"Batch1_Cell242","Batch1","2"
"Batch1_Cell243","Batch1","2"
"Batch1_Cell244","Batch1","3"
"Batch1_Cell245","Batch1","2"
"Batch1_Cell246","Batch1","2"
"Batch1_Cell247","Batch1","3"
"Batch1_Cell248","Batch1","2"
"Batch1_Cell249","Batch1","3"
"Batch1_Cell250","Batch1","2"
"Batch1_Cell251","Batch1","2"
"Batch1_Cell252","Batch1","3"
"Batch1_Cell253","Batch1","2"
"Batch1_Cell254","Batch1","3"
"Batch1_Cell255","Batch1","2"
"Batch1_Cell256","Batch1","2"
"Batch1_Cell257","Batch1","3"
"Batch1_Cell258","Batch1","2"
"Batch1_Cell259","Batch1","3"
"Batch1_Cell260","Batch1","3"
"Batch1_Cell261","Batch1","2"
"Batch1_Cell262","Batch1","3"
"Batch1_Cell263","Batch1","3"
"Batch1_Cell264","Batch1","3"
"Batch1_Cell265","Batch1","3"
"Batch1_Cell266","Batch1","2"
"Batch1_Cell267","Batch1","3"
"Batch1_Cell268","Batch1","3"
"Batch1_Cell269","Batch1","3"
"Batch1_Cell270","Batch1","3"
"Batch1_Cell271","Batch1","3"
"Batch1_Cell272","Batch1","3"
"Batch1_Cell273","Batch1","3"
"Batch1_Cell274","Batch1","3"
"Batch1_Cell275","Batch1","3"
"Batch1_Cell276","Batch1","3"
"Batch1_Cell277","Batch1","3"
"Batch1_Cell278","Batch1","3"
"Batch1_Cell279","Batch1","3"
"Batch1_Cell280","Batch1","3"
"Batch1_Cell281","Batch1","3"
"Batch1_Cell282","Batch1","3"
"Batch1_Cell283","Batch1","3"
"Batch1_Cell284","Batch1","3"
"Batch1_Cell285","Batch1","3"
"Batch1_Cell286","Batch1","3"
"Batch1_Cell287","Batch1","3"
"Batch1_Cell288","Batch1","3"
"Batch1_Cell289","Batch1","3"
"Batch1_Cell290","Batch1","3"
"Batch1_Cell291","Batch1","3"
"Batch1_Cell292","Batch1","3"
"Batch1_Cell293","Batch1","3"
"Batch1_Cell294","Batch1","3"
"Batch1_Cell295","Batch1","3"
"Batch1_Cell296","Batch1","3"
"Batch1_Cell297","Batch1","3"
"Batch1_Cell298","Batch1","3"
"Batch1_Cell299","Batch1","3"
"Batch1_Cell300","Batch1","3"
"Batch1_Cell301","Batch1","3"
"Batch1_Cell302","Batch1","3"
"Batch1_Cell303","Batch1","3"
"Batch1_Cell304","Batch1","3"
"Batch1_Cell305","Batch1","3"
"Batch1_Cell306","Batch1","3"
"Batch1_Cell307","Batch1","3"
"Batch1_Cell308","Batch1","3"
"Batch1_Cell309","Batch1","3"
"Batch1_Cell310","Batch1","3"
"Batch1_Cell311","Batch1","3"
"Batch1_Cell312","Batch1","3"
"Batch1_Cell313","Batch1","3"
"Batch1_Cell314","Batch1","3"
"Batch1_Cell315","Batch1","3"
"Batch1_Cell316","Batch1","3"
"Batch1_Cell317","Batch1","3"
"Batch1_Cell318","Batch1","3"
"Batch1_Cell319","Batch1","3"
"Batch1_Cell320","Batch1","3"
"Batch1_Cell321","Batch1","3"
"Batch1_Cell322","Batch1","3"
"Batch1_Cell323","Batch1","3"
"Batch1_Cell324","Batch1","3"
"Batch1_Cell325","Batch1","3"
"Batch1_Cell326","Batch1","3"
"Batch1_Cell327","Batch1","3"
"Batch1_Cell328","Batch1","3"
"Batch1_Cell329","Batch1","3"
"Batch1_Cell330","Batch1","3"
"Batch1_Cell331","Batch1","3"
"Batch1_Cell332","Batch1","3"
"Batch1_Cell333","Batch1","3"
"Batch1_Cell334","Batch1","3"
"Batch1_Cell335","Batch1","3"
"Batch1_Cell336","Batch1","3"
"Batch1_Cell337","Batch1","3"
"Batch1_Cell338","Batch1","3"
"Batch1_Cell339","Batch1","3"
"Batch1_Cell340","Batch1","3"
"Batch1_Cell341","Batch1","3"
"Batch1_Cell342","Batch1","3"
"Batch1_Cell343","Batch1","3"
"Batch1_Cell344","Batch1","3"
"Batch1_Cell345","Batch1","3"
"Batch1_Cell346","Batch1","3"
"Batch1_Cell347","Batch1","3"
"Batch1_Cell348","Batch1","3"
"Batch1_Cell349","Batch1","3"
"Batch1_Cell350","Batch1","3"
"Batch1_Cell351","Batch1","3"
"Batch1_Cell352","Batch1","3"
"Batch1_Cell353","Batch1","3"
"Batch1_Cell354","Batch1","3"
"Batch1_Cell355","Batch1","3"
"Batch1_Cell356","Batch1","3"
"Batch1_Cell357","Batch1","3"
"Batch1_Cell358","Batch1","3"
"Batch1_Cell359","Batch1","3"
"Batch1_Cell360","Batch1","3"
"Batch1_Cell361","Batch1","3"
"Batch1_Cell362","Batch1","3"
"Batch1_Cell363","Batch1","3"
"Batch1_Cell364","Batch1","3"
"Batch1_Cell365","Batch1","3"
"Batch1_Cell366","Batch1","3"
"Batch1_Cell367","Batch1","3"
"Batch1_Cell368","Batch1","3"
"Batch1_Cell369","Batch1","3"
"Batch1_Cell370","Batch1","3"
"Batch1_Cell371","Batch1","3"
"Batch1_Cell372","Batch1","3"
"Batch1_Cell373","Batch1","3"
"Batch1_Cell374","Batch1","3"
"Batch1_Cell375","Batch1","3"
"Batch1_Cell376","Batch1","3"
"Batch1_Cell377","Batch1","3"
"Batch1_Cell378","Batch1","3"
"Batch1_Cell379","Batch1","3"
"Batch1_Cell380","Batch1","3"
"Batch1_Cell381","Batch1","3"
"Batch1_Cell382","Batch1","3"
"Batch1_Cell383","Batch1","3"
"Batch1_Cell384","Batch1","3"
"Batch1_Cell385","Batch1","3"
"Batch1_Cell386","Batch1","3"
"Batch1_Cell387","Batch1","3"
"Batch1_Cell388","Batch1","3"
"Batch1_Cell389","Batch1","3"
"Batch1_Cell390","Batch1","3"
"Batch1_Cell391","Batch1","3"
"Batch1_Cell392","Batch1","3"
"Batch1_Cell393","Batch1","3"
"Batch1_Cell394","Batch1","3"
"Batch1_Cell395","Batch1","3"
"Batch1_Cell396","Batch1","3"
"Batch1_Cell397","Batch1","3"
"Batch1_Cell398","Batch1","3"
"Batch1_Cell399","Batch1","3"
"Batch1_Cell400","Batch1","3"
"Batch1_Cell401","Batch1","3"
"Batch1_Cell402","Batch1","3"
"Batch1_Cell403","Batch1","3"
"Batch1_Cell404","Batch1","3"
"Batch1_Cell405","Batch1","3"
"Batch1_Cell406","Batch1","3"
"Batch1_Cell407","Batch1","3"
"Batch1_Cell408","Batch1","3"
"Batch1_Cell409","Batch1","3"
"Batch1_Cell410","Batch1","3"
"Batch1_Cell411","Batch1","3"
"Batch1_Cell412","Batch1","3"
"Batch1_Cell413","Batch1","3"
"Batch1_Cell414","Batch1","3"
"Batch1_Cell415","Batch1","3"
"Batch1_Cell416","Batch1","3"
"Batch1_Cell417","Batch1","3"
"Batch1_Cell418","Batch1","3"
"Batch1_Cell419","Batch1","3"
"Batch1_Cell420","Batch1","3"
"Batch1_Cell421","Batch1","3"
"Batch1_Cell422","Batch1","3"
"Batch1_Cell423","Batch1","3"
"Batch1_Cell424","Batch1","3"
"Batch1_Cell425","Batch1","3"
"Batch1_Cell426","Batch1","3"
"Batch1_Cell427","Batch1","3"
"Batch1_Cell428","Batch1","3"
"Batch1_Cell429","Batch1","3"
"Batch1_Cell430","Batch1","3"
"Batch1_Cell431","Batch1","3"
"Batch1_Cell432","Batch1","3"
"Batch1_Cell433","Batch1","3"
"Batch1_Cell434","Batch1","3"
"Batch1_Cell435","Batch1","3"
"Batch1_Cell436","Batch1","3"
"Batch1_Cell437","Batch1","3"
"Batch1_Cell438","Batch1","3"
"Batch1_Cell439","Batch1","3"
"Batch1_Cell440","Batch1","3"
"Batch1_Cell441","Batch1","3"
"Batch1_Cell442","Batch1","3"
"Batch1_Cell443","Batch1","3"
"Batch1_Cell444","Batch1","3"
"Batch1_Cell445","Batch1","3"
"Batch1_Cell446","Batch1","3"
"Batch1_Cell447","Batch1","3"
"Batch1_Cell448","Batch1","3"
"Batch1_Cell449","Batch1","3"
"Batch1_Cell450","Batch1","3"
"Batch1_Cell451","Batch1","3"
"Batch1_Cell452","Batch1","3"
"Batch1_Cell453","Batch1","3"
"Batch1_Cell454","Batch1","3"
"Batch1_Cell455","Batch1","3"
"Batch1_Cell456","Batch1","3"
"Batch1_Cell457","Batch1","3"
"Batch1_Cell458","Batch1","3"
"Batch1_Cell459","Batch1","3"
"Batch1_Cell460","Batch1","3"
"Batch1_Cell461","Batch1","3"
"Batch1_Cell462","Batch1","3"
"Batch1_Cell463","Batch1","3"
"Batch1_Cell464","Batch1","3"
"Batch1_Cell465","Batch1","3"
"Batch1_Cell466","Batch1","3"
"Batch1_Cell467","Batch1","3"
"Batch1_Cell468","Batch1","3"
"Batch1_Cell469","Batch1","3"
"Batch1_Cell470","Batch1","3"
"Batch1_Cell471","Batch1","3"
"Batch1_Cell472","Batch1","3"
"Batch1_Cell473","Batch1","3"
"Batch1_Cell474","Batch1","3"
"Batch1_Cell475","Batch1","3"
"Batch1_Cell476","Batch1","3"
"Batch1_Cell477","Batch1","3"
"Batch1_Cell478","Batch1","3"
"Batch1_Cell479","Batch1","3"
"Batch1_Cell480","Batch1","3"
"Batch1_Cell481","Batch1","3"
"Batch1_Cell482","Batch1","3"
"Batch1_Cell483","Batch1","3"
"Batch1_Cell484","Batch1","3"
"Batch1_Cell485","Batch1","3"
"Batch1_Cell486","Batch1","3"
"Batch1_Cell487","Batch1","3"
"Batch1_Cell488","Batch1","3"
"Batch1_Cell489","Batch1","3"
"Batch1_Cell490","Batch1","3"
"Batch1_Cell491","Batch1","3"
"Batch1_Cell492","Batch1","3"
"Batch1_Cell493","Batch1","3"
"Batch1_Cell494","Batch1","3"
"Batch1_Cell495","Batch1","3"
"Batch1_Cell496","Batch1","3"
"Batch1_Cell497","Batch1","3"
"Batch1_Cell498","Batch1","3"
"Batch1_Cell499","Batch1","3"
"Batch1_Cell500","Batch1","3"
"Batch1_Cell501","Batch1","3"
"Batch1_Cell502","Batch1","3"
"Batch1_Cell503","Batch1","3"
"Batch1_Cell504","Batch1","3"
"Batch1_Cell505","Batch1","3"
"Batch1_Cell506","Batch1","3"
"Batch1_Cell507","Batch1","3"
"Batch1_Cell508","Batch1","3"
"Batch1_Cell509","Batch1","3"
"Batch1_Cell510","Batch1","3"
"Batch1_Cell511","Batch1","3"
"Batch1_Cell512","Batch1","3"
"Batch1_Cell513","Batch1","3"
"Batch1_Cell514","Batch1","3"
"Batch1_Cell515","Batch1","3"
"Batch1_Cell516","Batch1","3"
"Batch1_Cell517","Batch1","3"
"Batch1_Cell518","Batch1","3"
"Batch1_Cell519","Batch1","3"
"Batch1_Cell520","Batch1","3"
"Batch1_Cell521","Batch1","3"
"Batch1_Cell522","Batch1","3"
"Batch1_Cell523","Batch1","3"
"Batch1_Cell524","Batch1","3"
"Batch1_Cell525","Batch1","3"
"Batch1_Cell526","Batch1","3"
"Batch1_Cell527","Batch1","3"
"Batch1_Cell528","Batch1","3"
"Batch1_Cell529","Batch1","3"
"Batch1_Cell530","Batch1","3"
"Batch1_Cell531","Batch1","3"
"Batch1_Cell532","Batch1","3"
"Batch1_Cell533","Batch1","3"
"Batch1_Cell534","Batch1","3"
"Batch1_Cell535","Batch1","3"
"Batch1_Cell536","Batch1","3"
"Batch1_Cell537","Batch1","3"
"Batch1_Cell538","Batch1","3"
"Batch1_Cell539","Batch1","3"
"Batch1_Cell540","Batch1","3"
"Batch1_Cell541","Batch1","3"
"Batch1_Cell542","Batch1","3"
"Batch1_Cell543","Batch1","3"
"Batch1_Cell544","Batch1","3"
"Batch1_Cell545","Batch1","3"
"Batch1_Cell546","Batch1","3"
"Batch1_Cell547","Batch1","3"
"Batch1_Cell548","Batch1","3"
"Batch1_Cell549","Batch1","3"
"Batch1_Cell550","Batch1","3"
"Batch1_Cell551","Batch1","3"
"Batch1_Cell552","Batch1","3"
"Batch1_Cell553","Batch1","3"
"Batch1_Cell554","Batch1","3"
"Batch1_Cell555","Batch1","3"
"Batch1_Cell556","Batch1","3"
"Batch1_Cell557","Batch1","3"
"Batch1_Cell558","Batch1","3"
"Batch1_Cell559","Batch1","3"
"Batch1_Cell560","Batch1","3"
"Batch1_Cell561","Batch1","3"
"Batch1_Cell562","Batch1","3"
"Batch1_Cell563","Batch1","3"
"Batch1_Cell564","Batch1","3"
"Batch1_Cell565","Batch1","3"
"Batch1_Cell566","Batch1","3"
"Batch1_Cell567","Batch1","3"
"Batch1_Cell568","Batch1","3"
"Batch1_Cell569","Batch1","3"
"Batch1_Cell570","Batch1","3"
"Batch1_Cell571","Batch1","3"
"Batch1_Cell572","Batch1","3"
"Batch1_Cell573","Batch1","3"
"Batch1_Cell574","Batch1","3"
"Batch1_Cell575","Batch1","3"
"Batch1_Cell576","Batch1","3"
"Batch1_Cell577","Batch1","3"
"Batch1_Cell578","Batch1","3"
"Batch1_Cell579","Batch1","3"
"Batch1_Cell580","Batch1","3"
"Batch1_Cell581","Batch1","3"
"Batch1_Cell582","Batch1","3"
"Batch1_Cell583","Batch1","3"
"Batch1_Cell584","Batch1","3"
"Batch1_Cell585","Batch1","3"
"Batch1_Cell586","Batch1","3"
"Batch1_Cell587","Batch1","3"
"Batch1_Cell588","Batch1","3"
"Batch1_Cell589","Batch1","3"
"Batch1_Cell590","Batch1","3"
"Batch1_Cell591","Batch1","3"
"Batch1_Cell592","Batch1","3"
"Batch1_Cell593","Batch1","3"
"Batch1_Cell594","Batch1","3"
"Batch1_Cell595","Batch1","3"
"Batch1_Cell596","Batch1","3"
"Batch1_Cell597","Batch1","3"
"Batch1_Cell598","Batch1","3"
"Batch1_Cell599","Batch1","3"
"Batch1_Cell600","Batch1","3"
"Batch1_Cell601","Batch1","3"
"Batch1_Cell602","Batch1","3"
"Batch1_Cell603","Batch1","3"
"Batch1_Cell604","Batch1","3"
"Batch1_Cell605","Batch1","3"
"Batch1_Cell606","Batch1","3"
"Batch1_Cell607","Batch1","3"
"Batch1_Cell608","Batch1","3"
"Batch1_Cell609","Batch1","3"
"Batch1_Cell610","Batch1","3"
"Batch1_Cell611","Batch1","3"
"Batch1_Cell612","Batch1","3"
"Batch1_Cell613","Batch1","3"
"Batch1_Cell614","Batch1","3"
"Batch1_Cell615","Batch1","3"
"Batch1_Cell616","Batch1","3"
"Batch1_Cell617","Batch1","3"
"Batch1_Cell618","Batch1","3"
"Batch1_Cell619","Batch1","3"
"Batch1_Cell620","Batch1","3"
"Batch1_Cell621","Batch1","3"
"Batch1_Cell622","Batch1","3"
"Batch1_Cell623","Batch1","3"
"Batch1_Cell624","Batch1","3"
"Batch1_Cell625","Batch1","3"
"Batch1_Cell626","Batch1","3"
"Batch1_Cell627","Batch1","3"
"Batch1_Cell628","Batch1","3"
"Batch1_Cell629","Batch1","3"
"Batch1_Cell630","Batch1","3"
"Batch1_Cell631","Batch1","3"
"Batch1_Cell632","Batch1","3"
"Batch1_Cell633","Batch1","3"
"Batch1_Cell634","Batch1","3"
"Batch1_Cell635","Batch1","3"
"Batch1_Cell636","Batch1","3"
"Batch1_Cell637","Batch1","3"
"Batch1_Cell638","Batch1","3"
"Batch1_Cell639","Batch1","3"
"Batch1_Cell640","Batch1","3"
"Batch1_Cell641","Batch1","3"
"Batch1_Cell642","Batch1","3"
"Batch1_Cell643","Batch1","3"
"Batch1_Cell644","Batch1","3"
"Batch1_Cell645","Batch1","3"
"Batch1_Cell646","Batch1","3"
"Batch1_Cell647","Batch1","3"
"Batch1_Cell648","Batch1","3"
"Batch1_Cell649","Batch1","3"
"Batch1_Cell650","Batch1","3"
"Batch1_Cell651","Batch1","3"
"Batch1_Cell652","Batch1","3"
"Batch1_Cell653","Batch1","3"
"Batch1_Cell654","Batch1","3"
"Batch1_Cell655","Batch1","3"
"Batch1_Cell656","Batch1","3"
"Batch1_Cell657","Batch1","3"
"Batch1_Cell658","Batch1","3"
"Batch1_Cell659","Batch1","3"
"Batch1_Cell660","Batch1","3"
"Batch1_Cell661","Batch1","3"
"Batch1_Cell662","Batch1","3"
"Batch1_Cell663","Batch1","3"
"Batch1_Cell664","Batch1","3"
"Batch1_Cell665","Batch1","3"
"Batch1_Cell666","Batch1","3"
"Batch1_Cell667","Batch1","3"
"Batch1_Cell668","Batch1","3"
"Batch1_Cell669","Batch1","3"
"Batch1_Cell670","Batch1","3"
"Batch1_Cell671","Batch1","3"
"Batch1_Cell672","Batch1","3"
"Batch1_Cell673","Batch1","3"
"Batch1_Cell674","Batch1","3"
"Batch1_Cell675","Batch1","3"
"Batch1_Cell676","Batch1","3"
"Batch1_Cell677","Batch1","3"
"Batch1_Cell678","Batch1","3"
"Batch1_Cell679","Batch1","4"
"Batch1_Cell680","Batch1","3"
"Batch1_Cell681","Batch1","3"
"Batch1_Cell682","Batch1","4"
"Batch1_Cell683","Batch1","3"
"Batch1_Cell684","Batch1","4"
"Batch1_Cell685","Batch1","4"
"Batch1_Cell686","Batch1","4"
"Batch1_Cell687","Batch1","3"
"Batch1_Cell688","Batch1","3"
"Batch1_Cell689","Batch1","4"
"Batch1_Cell690","Batch1","3"
"Batch1_Cell691","Batch1","4"
"Batch1_Cell692","Batch1","3"
"Batch1_Cell693","Batch1","4"
"Batch1_Cell694","Batch1","3"
"Batch1_Cell695","Batch1","4"
"Batch1_Cell696","Batch1","3"
"Batch1_Cell697","Batch1","4"
"Batch1_Cell698","Batch1","3"
"Batch1_Cell699","Batch1","4"
"Batch1_Cell700","Batch1","3"
"Batch1_Cell701","Batch1","4"
"Batch1_Cell702","Batch1","3"
"Batch1_Cell703","Batch1","4"
"Batch1_Cell704","Batch1","4"
"Batch1_Cell705","Batch1","3"
"Batch1_Cell706","Batch1","4"
"Batch1_Cell707","Batch1","4"
"Batch1_Cell708","Batch1","4"
"Batch1_Cell709","Batch1","4"
"Batch1_Cell710","Batch1","4"
"Batch1_Cell711","Batch1","4"
"Batch1_Cell712","Batch1","4"
"Batch1_Cell713","Batch1","4"
"Batch1_Cell714","Batch1","4"
"Batch1_Cell715","Batch1","4"
"Batch1_Cell716","Batch1","4"
"Batch1_Cell717","Batch1","4"
"Batch1_Cell718","Batch1","3"
"Batch1_Cell719","Batch1","3"
"Batch1_Cell720","Batch1","4"
"Batch1_Cell721","Batch1","3"
"Batch1_Cell722","Batch1","4"
"Batch1_Cell723","Batch1","4"
"Batch1_Cell724","Batch1","4"
"Batch1_Cell725","Batch1","4"
"Batch1_Cell726","Batch1","4"
"Batch1_Cell727","Batch1","4"
"Batch1_Cell728","Batch1","4"
"Batch1_Cell729","Batch1","4"
"Batch1_Cell730","Batch1","4"
"Batch1_Cell731","Batch1","4"
"Batch1_Cell732","Batch1","3"
"Batch1_Cell733","Batch1","4"
"Batch1_Cell734","Batch1","4"
"Batch1_Cell735","Batch1","4"
"Batch1_Cell736","Batch1","4"
"Batch1_Cell737","Batch1","4"
"Batch1_Cell738","Batch1","3"
"Batch1_Cell739","Batch1","3"
"Batch1_Cell740","Batch1","3"
"Batch1_Cell741","Batch1","4"
"Batch1_Cell742","Batch1","4"
"Batch1_Cell743","Batch1","4"
"Batch1_Cell744","Batch1","4"
"Batch1_Cell745","Batch1","3"
"Batch1_Cell746","Batch1","4"
"Batch1_Cell747","Batch1","3"
"Batch1_Cell748","Batch1","4"
"Batch1_Cell749","Batch1","4"
"Batch1_Cell750","Batch1","4"
"Batch1_Cell751","Batch1","4"
"Batch1_Cell752","Batch1","3"
"Batch1_Cell753","Batch1","4"
"Batch1_Cell754","Batch1","4"
"Batch1_Cell755","Batch1","3"
"Batch1_Cell756","Batch1","4"
"Batch1_Cell757","Batch1","4"
"Batch1_Cell758","Batch1","4"
"Batch1_Cell759","Batch1","4"
"Batch1_Cell760","Batch1","4"
"Batch1_Cell761","Batch1","4"
"Batch1_Cell762","Batch1","4"
"Batch1_Cell763","Batch1","4"
"Batch1_Cell764","Batch1","4"
"Batch1_Cell765","Batch1","4"
"Batch1_Cell766","Batch1","4"
"Batch1_Cell767","Batch1","4"
"Batch1_Cell768","Batch1","4"
"Batch1_Cell769","Batch1","4"
"Batch1_Cell770","Batch1","4"
"Batch1_Cell771","Batch1","4"
"Batch1_Cell772","Batch1","4"
"Batch1_Cell773","Batch1","4"
"Batch1_Cell774","Batch1","4"
"Batch1_Cell775","Batch1","4"
"Batch1_Cell776","Batch1","4"
"Batch1_Cell777","Batch1","4"
"Batch1_Cell778","Batch1","4"
"Batch1_Cell779","Batch1","4"
"Batch1_Cell780","Batch1","4"
"Batch1_Cell781","Batch1","4"
"Batch1_Cell782","Batch1","4"
"Batch1_Cell783","Batch1","4"
"Batch1_Cell784","Batch1","4"
"Batch1_Cell785","Batch1","4"
"Batch1_Cell786","Batch1","4"
"Batch1_Cell787","Batch1","4"
"Batch1_Cell788","Batch1","4"
"Batch1_Cell789","Batch1","4"
"Batch1_Cell790","Batch1","4"
"Batch1_Cell791","Batch1","4"
"Batch1_Cell792","Batch1","4"
"Batch1_Cell793","Batch1","4"
"Batch1_Cell794","Batch1","4"
"Batch1_Cell795","Batch1","4"
"Batch1_Cell796","Batch1","4"
"Batch1_Cell797","Batch1","4"
"Batch1_Cell798","Batch1","4"
"Batch1_Cell799","Batch1","4"
"Batch1_Cell800","Batch1","4"
"Batch1_Cell801","Batch1","4"
"Batch1_Cell802","Batch1","4"
"Batch1_Cell803","Batch1","4"
"Batch1_Cell804","Batch1","4"
"Batch1_Cell805","Batch1","4"
"Batch1_Cell806","Batch1","4"
"Batch1_Cell807","Batch1","4"
"Batch1_Cell808","Batch1","4"
"Batch1_Cell809","Batch1","4"
"Batch1_Cell810","Batch1","4"
"Batch1_Cell811","Batch1","4"
"Batch1_Cell812","Batch1","4"
"Batch1_Cell813","Batch1","4"
"Batch1_Cell814","Batch1","4"
"Batch1_Cell815","Batch1","4"
"Batch1_Cell816","Batch1","4"
"Batch1_Cell817","Batch1","4"
"Batch1_Cell818","Batch1","4"
"Batch1_Cell819","Batch1","4"
"Batch1_Cell820","Batch1","4"
"Batch1_Cell821","Batch1","4"
"Batch1_Cell822","Batch1","4"
"Batch1_Cell823","Batch1","4"
"Batch1_Cell824","Batch1","4"
"Batch1_Cell825","Batch1","4"
"Batch1_Cell826","Batch1","4"
"Batch1_Cell827","Batch1","4"
"Batch1_Cell828","Batch1","4"
"Batch1_Cell829","Batch1","4"
"Batch1_Cell830","Batch1","4"
"Batch1_Cell831","Batch1","4"
"Batch1_Cell832","Batch1","4"
"Batch1_Cell833","Batch1","4"
"Batch1_Cell834","Batch1","4"
"Batch1_Cell835","Batch1","4"
"Batch1_Cell836","Batch1","4"
"Batch1_Cell837","Batch1","4"
"Batch1_Cell838","Batch1","4"
"Batch1_Cell839","Batch1","4"
"Batch1_Cell840","Batch1","4"
"Batch1_Cell841","Batch1","4"
"Batch1_Cell842","Batch1","4"
"Batch1_Cell843","Batch1","4"
"Batch1_Cell844","Batch1","4"
"Batch1_Cell845","Batch1","4"
"Batch1_Cell846","Batch1","4"
"Batch1_Cell847","Batch1","4"
"Batch1_Cell848","Batch1","4"
"Batch1_Cell849","Batch1","4"
"Batch1_Cell850","Batch1","4"
"Batch1_Cell851","Batch1","4"
"Batch1_Cell852","Batch1","4"
"Batch1_Cell853","Batch1","4"
"Batch1_Cell854","Batch1","4"
"Batch1_Cell855","Batch1","4"
"Batch1_Cell856","Batch1","4"
"Batch1_Cell857","Batch1","4"
"Batch1_Cell858","Batch1","4"
"Batch1_Cell859","Batch1","4"
"Batch1_Cell860","Batch1","4"
"Batch1_Cell861","Batch1","4"
"Batch1_Cell862","Batch1","4"
"Batch1_Cell863","Batch1","4"
"Batch1_Cell864","Batch1","4"
"Batch1_Cell865","Batch1","4"
"Batch1_Cell866","Batch1","4"
"Batch1_Cell867","Batch1","4"
"Batch1_Cell868","Batch1","4"
"Batch1_Cell869","Batch1","4"
"Batch1_Cell870","Batch1","4"
"Batch1_Cell871","Batch1","4"
"Batch1_Cell872","Batch1","4"
"Batch1_Cell873","Batch1","4"
"Batch1_Cell874","Batch1","4"
"Batch1_Cell875","Batch1","4"
"Batch1_Cell876","Batch1","4"
"Batch1_Cell877","Batch1","4"
"Batch1_Cell878","Batch1","4"
"Batch1_Cell879","Batch1","4"
"Batch1_Cell880","Batch1","4"
"Batch1_Cell881","Batch1","4"
"Batch1_Cell882","Batch1","4"
"Batch1_Cell883","Batch1","4"
"Batch1_Cell884","Batch1","4"
"Batch1_Cell885","Batch1","4"
"Batch1_Cell886","Batch1","4"
"Batch1_Cell887","Batch1","4"
"Batch1_Cell888","Batch1","4"
"Batch1_Cell889","Batch1","4"
"Batch1_Cell890","Batch1","4"
"Batch1_Cell891","Batch1","4"
"Batch1_Cell892","Batch1","4"
"Batch1_Cell893","Batch1","4"
"Batch1_Cell894","Batch1","4"
"Batch1_Cell895","Batch1","4"
"Batch1_Cell896","Batch1","4"
"Batch1_Cell897","Batch1","4"
"Batch1_Cell898","Batch1","4"
"Batch1_Cell899","Batch1","4"
"Batch1_Cell900","Batch1","4"
"Batch1_Cell901","Batch1","4"
"Batch1_Cell902","Batch1","4"
"Batch1_Cell903","Batch1","4"
"Batch1_Cell904","Batch1","4"
"Batch1_Cell905","Batch1","4"
"Batch1_Cell906","Batch1","4"
"Batch1_Cell907","Batch1","4"
"Batch1_Cell908","Batch1","4"
"Batch1_Cell909","Batch1","4"
"Batch1_Cell910","Batch1","4"
"Batch1_Cell911","Batch1","4"
"Batch1_Cell912","Batch1","4"
"Batch1_Cell913","Batch1","4"
"Batch1_Cell914","Batch1","4"
"Batch1_Cell915","Batch1","4"
"Batch1_Cell916","Batch1","4"
"Batch1_Cell917","Batch1","4"
"Batch1_Cell918","Batch1","4"
"Batch1_Cell919","Batch1","4"
"Batch1_Cell920","Batch1","4"
"Batch1_Cell921","Batch1","4"
"Batch1_Cell922","Batch1","4"
"Batch1_Cell923","Batch1","4"
"Batch1_Cell924","Batch1","4"
"Batch1_Cell925","Batch1","4"
"Batch1_Cell926","Batch1","4"
"Batch1_Cell927","Batch1","4"
"Batch1_Cell928","Batch1","4"
"Batch1_Cell929","Batch1","4"
"Batch1_Cell930","Batch1","4"
"Batch1_Cell931","Batch1","4"
"Batch1_Cell932","Batch1","4"
"Batch1_Cell933","Batch1","4"
"Batch1_Cell934","Batch1","4"
"Batch1_Cell935","Batch1","4"
"Batch1_Cell936","Batch1","4"
"Batch1_Cell937","Batch1","4"
"Batch1_Cell938","Batch1","4"
"Batch1_Cell939","Batch1","4"
"Batch1_Cell940","Batch1","4"
"Batch1_Cell941","Batch1","4"
"Batch1_Cell942","Batch1","4"
"Batch1_Cell943","Batch1","4"
"Batch1_Cell944","Batch1","4"
"Batch1_Cell945","Batch1","4"
"Batch1_Cell946","Batch1","4"
"Batch1_Cell947","Batch1","4"
"Batch1_Cell948","Batch1","4"
"Batch1_Cell949","Batch1","4"
"Batch1_Cell950","Batch1","4"
"Batch1_Cell951","Batch1","4"
"Batch1_Cell952","Batch1","4"
"Batch1_Cell953","Batch1","4"
"Batch1_Cell954","Batch1","4"
"Batch1_Cell955","Batch1","4"
"Batch1_Cell956","Batch1","4"
"Batch1_Cell957","Batch1","4"
"Batch1_Cell958","Batch1","4"
"Batch1_Cell959","Batch1","4"
"Batch1_Cell960","Batch1","4"
"Batch1_Cell961","Batch1","4"
"Batch1_Cell962","Batch1","4"
"Batch1_Cell963","Batch1","4"
"Batch1_Cell964","Batch1","4"
"Batch1_Cell965","Batch1","4"
"Batch1_Cell966","Batch1","4"
"Batch1_Cell967","Batch1","4"
"Batch1_Cell968","Batch1","4"
"Batch1_Cell969","Batch1","4"
"Batch1_Cell970","Batch1","4"
"Batch1_Cell971","Batch1","4"
"Batch1_Cell972","Batch1","4"
"Batch1_Cell973","Batch1","4"
"Batch1_Cell974","Batch1","4"
"Batch1_Cell975","Batch1","4"
"Batch1_Cell976","Batch1","4"
"Batch1_Cell977","Batch1","4"
"Batch1_Cell978","Batch1","4"
"Batch1_Cell979","Batch1","4"
"Batch1_Cell980","Batch1","4"
"Batch1_Cell981","Batch1","4"
"Batch1_Cell982","Batch1","4"
"Batch1_Cell983","Batch1","4"
"Batch1_Cell984","Batch1","4"
"Batch1_Cell985","Batch1","4"
"Batch1_Cell986","Batch1","4"
"Batch1_Cell987","Batch1","4"
"Batch1_Cell988","Batch1","4"
"Batch1_Cell989","Batch1","4"
"Batch1_Cell990","Batch1","4"
"Batch1_Cell991","Batch1","4"
"Batch1_Cell992","Batch1","4"
"Batch1_Cell993","Batch1","4"
"Batch1_Cell994","Batch1","4"
"Batch1_Cell995","Batch1","4"
"Batch1_Cell996","Batch1","4"
"Batch1_Cell997","Batch1","4"
"Batch1_Cell998","Batch1","4"
"Batch1_Cell999","Batch1","4"
"Batch1_Cell1000","Batch1","4"
"Batch1_Cell1001","Batch1","4"
"Batch1_Cell1002","Batch1","4"
"Batch1_Cell1003","Batch1","4"
"Batch1_Cell1004","Batch1","4"
"Batch1_Cell1005","Batch1","4"
"Batch1_Cell1006","Batch1","4"
"Batch1_Cell1007","Batch1","4"
"Batch1_Cell1008","Batch1","4"
"Batch1_Cell1009","Batch1","4"
"Batch1_Cell1010","Batch1","4"
"Batch1_Cell1011","Batch1","4"
"Batch1_Cell1012","Batch1","4"
"Batch1_Cell1013","Batch1","4"
"Batch1_Cell1014","Batch1","4"
"Batch1_Cell1015","Batch1","4"
"Batch1_Cell1016","Batch1","4"
"Batch1_Cell1017","Batch1","4"
"Batch1_Cell1018","Batch1","4"
"Batch1_Cell1019","Batch1","4"
"Batch1_Cell1020","Batch1","4"
"Batch1_Cell1021","Batch1","4"
"Batch1_Cell1022","Batch1","4"
"Batch1_Cell1023","Batch1","4"
"Batch1_Cell1024","Batch1","4"
"Batch1_Cell1025","Batch1","4"
"Batch1_Cell1026","Batch1","4"
"Batch1_Cell1027","Batch1","4"
"Batch1_Cell1028","Batch1","4"
"Batch1_Cell1029","Batch1","4"
"Batch1_Cell1030","Batch1","4"
"Batch1_Cell1031","Batch1","4"
"Batch1_Cell1032","Batch1","4"
"Batch1_Cell1033","Batch1","4"
"Batch1_Cell1034","Batch1","4"
"Batch1_Cell1035","Batch1","4"
"Batch1_Cell1036","Batch1","4"
"Batch1_Cell1037","Batch1","4"
"Batch1_Cell1038","Batch1","4"
"Batch1_Cell1039","Batch1","4"
"Batch1_Cell1040","Batch1","4"
"Batch1_Cell1041","Batch1","4"
"Batch1_Cell1042","Batch1","4"
"Batch1_Cell1043","Batch1","4"
"Batch1_Cell1044","Batch1","4"
"Batch1_Cell1045","Batch1","4"
"Batch1_Cell1046","Batch1","4"
"Batch1_Cell1047","Batch1","4"
"Batch1_Cell1048","Batch1","4"
"Batch1_Cell1049","Batch1","4"
"Batch2_Cell1","Batch2","1"
"Batch2_Cell2","Batch2","1"
"Batch2_Cell3","Batch2","1"
"Batch2_Cell4","Batch2","1"
"Batch2_Cell5","Batch2","1"
"Batch2_Cell6","Batch2","1"
"Batch2_Cell7","Batch2","1"
"Batch2_Cell8","Batch2","1"
"Batch2_Cell9","Batch2","1"
"Batch2_Cell10","Batch2","1"
"Batch2_Cell11","Batch2","1"
"Batch2_Cell12","Batch2","1"
"Batch2_Cell13","Batch2","1"
"Batch2_Cell14","Batch2","1"
"Batch2_Cell15","Batch2","1"
"Batch2_Cell16","Batch2","1"
"Batch2_Cell17","Batch2","1"
"Batch2_Cell18","Batch2","1"
"Batch2_Cell19","Batch2","1"
"Batch2_Cell20","Batch2","1"
"Batch2_Cell21","Batch2","1"
"Batch2_Cell22","Batch2","1"
"Batch2_Cell23","Batch2","1"
"Batch2_Cell24","Batch2","1"
"Batch2_Cell25","Batch2","1"
"Batch2_Cell26","Batch2","1"
"Batch2_Cell27","Batch2","1"
"Batch2_Cell28","Batch2","1"
"Batch2_Cell29","Batch2","1"
"Batch2_Cell30","Batch2","1"
"Batch2_Cell31","Batch2","1"
"Batch2_Cell32","Batch2","1"
"Batch2_Cell33","Batch2","1"
"Batch2_Cell34","Batch2","1"
"Batch2_Cell35","Batch2","1"
"Batch2_Cell36","Batch2","1"
"Batch2_Cell37","Batch2","1"
"Batch2_Cell38","Batch2","1"
"Batch2_Cell39","Batch2","1"
"Batch2_Cell40","Batch2","1"
"Batch2_Cell41","Batch2","1"
"Batch2_Cell42","Batch2","1"
"Batch2_Cell43","Batch2","1"
"Batch2_Cell44","Batch2","1"
"Batch2_Cell45","Batch2","1"
"Batch2_Cell46","Batch2","1"
"Batch2_Cell47","Batch2","1"
"Batch2_Cell48","Batch2","1"
"Batch2_Cell49","Batch2","1"
"Batch2_Cell50","Batch2","1"
"Batch2_Cell51","Batch2","1"
"Batch2_Cell52","Batch2","1"
"Batch2_Cell53","Batch2","1"
"Batch2_Cell54","Batch2","1"
"Batch2_Cell55","Batch2","1"
"Batch2_Cell56","Batch2","1"
"Batch2_Cell57","Batch2","1"
"Batch2_Cell58","Batch2","1"
"Batch2_Cell59","Batch2","1"
"Batch2_Cell60","Batch2","1"
"Batch2_Cell61","Batch2","1"
"Batch2_Cell62","Batch2","1"
"Batch2_Cell63","Batch2","1"
"Batch2_Cell64","Batch2","1"
"Batch2_Cell65","Batch2","1"
"Batch2_Cell66","Batch2","1"
"Batch2_Cell67","Batch2","1"
"Batch2_Cell68","Batch2","1"
"Batch2_Cell69","Batch2","1"
"Batch2_Cell70","Batch2","1"
"Batch2_Cell71","Batch2","1"
"Batch2_Cell72","Batch2","1"
"Batch2_Cell73","Batch2","1"
"Batch2_Cell74","Batch2","1"
"Batch2_Cell75","Batch2","1"
"Batch2_Cell76","Batch2","2"
"Batch2_Cell77","Batch2","1"
"Batch2_Cell78","Batch2","2"
"Batch2_Cell79","Batch2","1"
"Batch2_Cell80","Batch2","2"
"Batch2_Cell81","Batch2","2"
"Batch2_Cell82","Batch2","2"
"Batch2_Cell83","Batch2","1"
"Batch2_Cell84","Batch2","2"
"Batch2_Cell85","Batch2","2"
"Batch2_Cell86","Batch2","2"
"Batch2_Cell87","Batch2","1"
"Batch2_Cell88","Batch2","2"
"Batch2_Cell89","Batch2","1"
"Batch2_Cell90","Batch2","1"
"Batch2_Cell91","Batch2","2"
"Batch2_Cell92","Batch2","2"
"Batch2_Cell93","Batch2","1"
"Batch2_Cell94","Batch2","2"
"Batch2_Cell95","Batch2","2"
"Batch2_Cell96","Batch2","2"
"Batch2_Cell97","Batch2","2"
"Batch2_Cell98","Batch2","2"
"Batch2_Cell99","Batch2","2"
"Batch2_Cell100","Batch2","2"
"Batch2_Cell101","Batch2","2"
"Batch2_Cell102","Batch2","2"
"Batch2_Cell103","Batch2","2"
"Batch2_Cell104","Batch2","2"
"Batch2_Cell105","Batch2","2"
"Batch2_Cell106","Batch2","2"
"Batch2_Cell107","Batch2","2"
"Batch2_Cell108","Batch2","2"
"Batch2_Cell109","Batch2","2"
"Batch2_Cell110","Batch2","2"
"Batch2_Cell111","Batch2","2"
"Batch2_Cell112","Batch2","2"
"Batch2_Cell113","Batch2","2"
"Batch2_Cell114","Batch2","2"
"Batch2_Cell115","Batch2","2"
"Batch2_Cell116","Batch2","2"
"Batch2_Cell117","Batch2","2"
"Batch2_Cell118","Batch2","2"
"Batch2_Cell119","Batch2","2"
"Batch2_Cell120","Batch2","2"
"Batch2_Cell121","Batch2","2"
"Batch2_Cell122","Batch2","2"
"Batch2_Cell123","Batch2","2"
"Batch2_Cell124","Batch2","2"
"Batch2_Cell125","Batch2","2"
"Batch2_Cell126","Batch2","2"
"Batch2_Cell127","Batch2","2"
"Batch2_Cell128","Batch2","2"
"Batch2_Cell129","Batch2","2"
"Batch2_Cell130","Batch2","2"
"Batch2_Cell131","Batch2","2"
"Batch2_Cell132","Batch2","2"
"Batch2_Cell133","Batch2","2"
"Batch2_Cell134","Batch2","2"
"Batch2_Cell135","Batch2","2"
"Batch2_Cell136","Batch2","2"
"Batch2_Cell137","Batch2","2"
"Batch2_Cell138","Batch2","2"
"Batch2_Cell139","Batch2","2"
"Batch2_Cell140","Batch2","2"
"Batch2_Cell141","Batch2","2"
"Batch2_Cell142","Batch2","2"
"Batch2_Cell143","Batch2","2"
"Batch2_Cell144","Batch2","2"
"Batch2_Cell145","Batch2","2"
"Batch2_Cell146","Batch2","2"
"Batch2_Cell147","Batch2","2"
"Batch2_Cell148","Batch2","2"
"Batch2_Cell149","Batch2","2"
"Batch2_Cell150","Batch2","2"
"Batch2_Cell151","Batch2","2"
"Batch2_Cell152","Batch2","2"
"Batch2_Cell153","Batch2","2"
"Batch2_Cell154","Batch2","2"
"Batch2_Cell155","Batch2","2"
"Batch2_Cell156","Batch2","2"
"Batch2_Cell157","Batch2","2"
"Batch2_Cell158","Batch2","2"
"Batch2_Cell159","Batch2","2"
"Batch2_Cell160","Batch2","2"
"Batch2_Cell161","Batch2","2"
"Batch2_Cell162","Batch2","2"
"Batch2_Cell163","Batch2","2"
"Batch2_Cell164","Batch2","2"
"Batch2_Cell165","Batch2","2"
"Batch2_Cell166","Batch2","2"
"Batch2_Cell167","Batch2","2"
"Batch2_Cell168","Batch2","2"
"Batch2_Cell169","Batch2","2"
"Batch2_Cell170","Batch2","2"
"Batch2_Cell171","Batch2","2"
"Batch2_Cell172","Batch2","2"
"Batch2_Cell173","Batch2","2"
"Batch2_Cell174","Batch2","2"
"Batch2_Cell175","Batch2","2"
"Batch2_Cell176","Batch2","2"
"Batch2_Cell177","Batch2","2"
"Batch2_Cell178","Batch2","2"
"Batch2_Cell179","Batch2","2"
"Batch2_Cell180","Batch2","3"
"Batch2_Cell181","Batch2","3"
"Batch2_Cell182","Batch2","2"
"Batch2_Cell183","Batch2","2"
"Batch2_Cell184","Batch2","3"
"Batch2_Cell185","Batch2","2"
"Batch2_Cell186","Batch2","3"
"Batch2_Cell187","Batch2","2"
"Batch2_Cell188","Batch2","3"
"Batch2_Cell189","Batch2","2"
"Batch2_Cell190","Batch2","2"
"Batch2_Cell191","Batch2","3"
"Batch2_Cell192","Batch2","3"
"Batch2_Cell193","Batch2","2"
"Batch2_Cell194","Batch2","2"
"Batch2_Cell195","Batch2","3"
"Batch2_Cell196","Batch2","2"
"Batch2_Cell197","Batch2","3"
"Batch2_Cell198","Batch2","2"
"Batch2_Cell199","Batch2","2"
"Batch2_Cell200","Batch2","2"
"Batch2_Cell201","Batch2","2"
"Batch2_Cell202","Batch2","3"
"Batch2_Cell203","Batch2","3"
"Batch2_Cell204","Batch2","3"
"Batch2_Cell205","Batch2","3"
"Batch2_Cell206","Batch2","3"
"Batch2_Cell207","Batch2","3"
"Batch2_Cell208","Batch2","3"
"Batch2_Cell209","Batch2","3"
"Batch2_Cell210","Batch2","3"
"Batch2_Cell211","Batch2","3"
"Batch2_Cell212","Batch2","2"
"Batch2_Cell213","Batch2","3"
"Batch2_Cell214","Batch2","3"
"Batch2_Cell215","Batch2","3"
"Batch2_Cell216","Batch2","2"
"Batch2_Cell217","Batch2","3"
"Batch2_Cell218","Batch2","3"
"Batch2_Cell219","Batch2","3"
"Batch2_Cell220","Batch2","2"
"Batch2_Cell221","Batch2","3"
"Batch2_Cell222","Batch2","3"
"Batch2_Cell223","Batch2","3"
"Batch2_Cell224","Batch2","3"
"Batch2_Cell225","Batch2","3"
"Batch2_Cell226","Batch2","3"
"Batch2_Cell227","Batch2","3"
"Batch2_Cell228","Batch2","3"
"Batch2_Cell229","Batch2","3"
"Batch2_Cell230","Batch2","3"
"Batch2_Cell231","Batch2","3"
"Batch2_Cell232","Batch2","3"
"Batch2_Cell233","Batch2","3"
"Batch2_Cell234","Batch2","3"
"Batch2_Cell235","Batch2","3"
"Batch2_Cell236","Batch2","2"
"Batch2_Cell237","Batch2","3"
"Batch2_Cell238","Batch2","2"
"Batch2_Cell239","Batch2","3"
"Batch2_Cell240","Batch2","3"
"Batch2_Cell241","Batch2","3"
"Batch2_Cell242","Batch2","3"
"Batch2_Cell243","Batch2","3"
"Batch2_Cell244","Batch2","3"
"Batch2_Cell245","Batch2","3"
"Batch2_Cell246","Batch2","3"
"Batch2_Cell247","Batch2","3"
"Batch2_Cell248","Batch2","3"
"Batch2_Cell249","Batch2","3"
"Batch2_Cell250","Batch2","3"
"Batch2_Cell251","Batch2","3"
"Batch2_Cell252","Batch2","3"
"Batch2_Cell253","Batch2","3"
"Batch2_Cell254","Batch2","3"
"Batch2_Cell255","Batch2","3"
"Batch2_Cell256","Batch2","3"
"Batch2_Cell257","Batch2","3"
"Batch2_Cell258","Batch2","3"
"Batch2_Cell259","Batch2","3"
"Batch2_Cell260","Batch2","3"
"Batch2_Cell261","Batch2","3"
"Batch2_Cell262","Batch2","3"
"Batch2_Cell263","Batch2","3"
"Batch2_Cell264","Batch2","3"
"Batch2_Cell265","Batch2","3"
"Batch2_Cell266","Batch2","3"
"Batch2_Cell267","Batch2","3"
"Batch2_Cell268","Batch2","3"
"Batch2_Cell269","Batch2","3"
"Batch2_Cell270","Batch2","3"
"Batch2_Cell271","Batch2","3"
"Batch2_Cell272","Batch2","3"
"Batch2_Cell273","Batch2","3"
"Batch2_Cell274","Batch2","3"
"Batch2_Cell275","Batch2","3"
"Batch2_Cell276","Batch2","3"
"Batch2_Cell277","Batch2","3"
"Batch2_Cell278","Batch2","3"
"Batch2_Cell279","Batch2","3"
"Batch2_Cell280","Batch2","3"
"Batch2_Cell281","Batch2","3"
"Batch2_Cell282","Batch2","3"
"Batch2_Cell283","Batch2","3"
"Batch2_Cell284","Batch2","3"
"Batch2_Cell285","Batch2","3"
"Batch2_Cell286","Batch2","3"
"Batch2_Cell287","Batch2","3"
"Batch2_Cell288","Batch2","3"
"Batch2_Cell289","Batch2","3"
"Batch2_Cell290","Batch2","3"
"Batch2_Cell291","Batch2","3"
"Batch2_Cell292","Batch2","3"
"Batch2_Cell293","Batch2","3"
"Batch2_Cell294","Batch2","3"
"Batch2_Cell295","Batch2","3"
"Batch2_Cell296","Batch2","3"
"Batch2_Cell297","Batch2","3"
"Batch2_Cell298","Batch2","3"
"Batch2_Cell299","Batch2","3"
"Batch2_Cell300","Batch2","3"
"Batch2_Cell301","Batch2","3"
"Batch2_Cell302","Batch2","3"
"Batch2_Cell303","Batch2","3"
"Batch2_Cell304","Batch2","3"
"Batch2_Cell305","Batch2","3"
"Batch2_Cell306","Batch2","3"
"Batch2_Cell307","Batch2","3"
"Batch2_Cell308","Batch2","3"
"Batch2_Cell309","Batch2","3"
"Batch2_Cell310","Batch2","3"
"Batch2_Cell311","Batch2","3"
"Batch2_Cell312","Batch2","3"
"Batch2_Cell313","Batch2","3"
"Batch2_Cell314","Batch2","3"
"Batch2_Cell315","Batch2","3"
"Batch2_Cell316","Batch2","3"
"Batch2_Cell317","Batch2","3"
"Batch2_Cell318","Batch2","3"
"Batch2_Cell319","Batch2","3"
"Batch2_Cell320","Batch2","3"
"Batch2_Cell321","Batch2","3"
"Batch2_Cell322","Batch2","3"
"Batch2_Cell323","Batch2","3"
"Batch2_Cell324","Batch2","3"
"Batch2_Cell325","Batch2","3"
"Batch2_Cell326","Batch2","3"
"Batch2_Cell327","Batch2","3"
"Batch2_Cell328","Batch2","3"
"Batch2_Cell329","Batch2","3"
"Batch2_Cell330","Batch2","3"
"Batch2_Cell331","Batch2","3"
"Batch2_Cell332","Batch2","3"
"Batch2_Cell333","Batch2","3"
"Batch2_Cell334","Batch2","3"
"Batch2_Cell335","Batch2","3"
"Batch2_Cell336","Batch2","3"
"Batch2_Cell337","Batch2","3"
"Batch2_Cell338","Batch2","3"
"Batch2_Cell339","Batch2","3"
"Batch2_Cell340","Batch2","3"
"Batch2_Cell341","Batch2","3"
"Batch2_Cell342","Batch2","3"
"Batch2_Cell343","Batch2","3"
"Batch2_Cell344","Batch2","3"
"Batch2_Cell345","Batch2","3"
"Batch2_Cell346","Batch2","3"
"Batch2_Cell347","Batch2","3"
"Batch2_Cell348","Batch2","3"
"Batch2_Cell349","Batch2","3"
"Batch2_Cell350","Batch2","3"
"Batch2_Cell351","Batch2","3"
"Batch2_Cell352","Batch2","3"
"Batch2_Cell353","Batch2","3"
"Batch2_Cell354","Batch2","3"
"Batch2_Cell355","Batch2","3"
"Batch2_Cell356","Batch2","3"
"Batch2_Cell357","Batch2","3"
"Batch2_Cell358","Batch2","3"
"Batch2_Cell359","Batch2","3"
"Batch2_Cell360","Batch2","3"
"Batch2_Cell361","Batch2","3"
"Batch2_Cell362","Batch2","3"
"Batch2_Cell363","Batch2","3"
"Batch2_Cell364","Batch2","3"
"Batch2_Cell365","Batch2","3"
"Batch2_Cell366","Batch2","3"
"Batch2_Cell367","Batch2","3"
"Batch2_Cell368","Batch2","3"
"Batch2_Cell369","Batch2","3"
"Batch2_Cell370","Batch2","3"
"Batch2_Cell371","Batch2","3"
"Batch2_Cell372","Batch2","3"
"Batch2_Cell373","Batch2","3"
"Batch2_Cell374","Batch2","3"
"Batch2_Cell375","Batch2","3"
"Batch2_Cell376","Batch2","3"
"Batch2_Cell377","Batch2","3"
"Batch2_Cell378","Batch2","3"
"Batch2_Cell379","Batch2","3"
"Batch2_Cell380","Batch2","3"
"Batch2_Cell381","Batch2","3"
"Batch2_Cell382","Batch2","3"
"Batch2_Cell383","Batch2","3"
"Batch2_Cell384","Batch2","3"
"Batch2_Cell385","Batch2","3"
"Batch2_Cell386","Batch2","3"
"Batch2_Cell387","Batch2","3"
"Batch2_Cell388","Batch2","3"
"Batch2_Cell389","Batch2","3"
"Batch2_Cell390","Batch2","3"
"Batch2_Cell391","Batch2","3"
"Batch2_Cell392","Batch2","3"
"Batch2_Cell393","Batch2","3"
"Batch2_Cell394","Batch2","3"
"Batch2_Cell395","Batch2","3"
"Batch2_Cell396","Batch2","3"
"Batch2_Cell397","Batch2","3"
"Batch2_Cell398","Batch2","3"
"Batch2_Cell399","Batch2","3"
"Batch2_Cell400","Batch2","3"
"Batch2_Cell401","Batch2","3"
"Batch2_Cell402","Batch2","3"
"Batch2_Cell403","Batch2","3"
"Batch2_Cell404","Batch2","3"
"Batch2_Cell405","Batch2","3"
"Batch2_Cell406","Batch2","3"
"Batch2_Cell407","Batch2","3"
"Batch2_Cell408","Batch2","3"
"Batch2_Cell409","Batch2","3"
"Batch2_Cell410","Batch2","3"
"Batch2_Cell411","Batch2","3"
"Batch2_Cell412","Batch2","3"
"Batch2_Cell413","Batch2","3"
"Batch2_Cell414","Batch2","3"
"Batch2_Cell415","Batch2","3"
"Batch2_Cell416","Batch2","3"
"Batch2_Cell417","Batch2","3"
"Batch2_Cell418","Batch2","3"
"Batch2_Cell419","Batch2","3"
"Batch2_Cell420","Batch2","3"
"Batch2_Cell421","Batch2","3"
"Batch2_Cell422","Batch2","3"
"Batch2_Cell423","Batch2","3"
"Batch2_Cell424","Batch2","3"
"Batch2_Cell425","Batch2","3"
"Batch2_Cell426","Batch2","3"
"Batch2_Cell427","Batch2","3"
"Batch2_Cell428","Batch2","3"
"Batch2_Cell429","Batch2","3"
"Batch2_Cell430","Batch2","3"
"Batch2_Cell431","Batch2","3"
"Batch2_Cell432","Batch2","3"
"Batch2_Cell433","Batch2","3"
"Batch2_Cell434","Batch2","3"
"Batch2_Cell435","Batch2","3"
"Batch2_Cell436","Batch2","3"
"Batch2_Cell437","Batch2","3"
"Batch2_Cell438","Batch2","3"
"Batch2_Cell439","Batch2","3"
"Batch2_Cell440","Batch2","3"
"Batch2_Cell441","Batch2","3"
"Batch2_Cell442","Batch2","3"
"Batch2_Cell443","Batch2","3"
"Batch2_Cell444","Batch2","3"
"Batch2_Cell445","Batch2","3"
"Batch2_Cell446","Batch2","3"
"Batch2_Cell447","Batch2","3"
"Batch2_Cell448","Batch2","3"
"Batch2_Cell449","Batch2","3"
"Batch2_Cell450","Batch2","3"
"Batch2_Cell451","Batch2","3"
"Batch2_Cell452","Batch2","3"
"Batch2_Cell453","Batch2","3"
"Batch2_Cell454","Batch2","3"
"Batch2_Cell455","Batch2","3"
"Batch2_Cell456","Batch2","3"
"Batch2_Cell457","Batch2","3"
"Batch2_Cell458","Batch2","3"
"Batch2_Cell459","Batch2","3"
"Batch2_Cell460","Batch2","3"
"Batch2_Cell461","Batch2","3"
"Batch2_Cell462","Batch2","3"
"Batch2_Cell463","Batch2","3"
"Batch2_Cell464","Batch2","3"
"Batch2_Cell465","Batch2","3"
"Batch2_Cell466","Batch2","3"
"Batch2_Cell467","Batch2","3"
"Batch2_Cell468","Batch2","3"
"Batch2_Cell469","Batch2","3"
"Batch2_Cell470","Batch2","3"
"Batch2_Cell471","Batch2","3"
"Batch2_Cell472","Batch2","3"
"Batch2_Cell473","Batch2","3"
"Batch2_Cell474","Batch2","3"
"Batch2_Cell475","Batch2","3"
"Batch2_Cell476","Batch2","3"
"Batch2_Cell477","Batch2","3"
"Batch2_Cell478","Batch2","3"
"Batch2_Cell479","Batch2","3"
"Batch2_Cell480","Batch2","3"
"Batch2_Cell481","Batch2","3"
"Batch2_Cell482","Batch2","3"
"Batch2_Cell483","Batch2","3"
"Batch2_Cell484","Batch2","3"
"Batch2_Cell485","Batch2","3"
"Batch2_Cell486","Batch2","3"
"Batch2_Cell487","Batch2","3"
"Batch2_Cell488","Batch2","3"
"Batch2_Cell489","Batch2","3"
"Batch2_Cell490","Batch2","3"
"Batch2_Cell491","Batch2","3"
"Batch2_Cell492","Batch2","3"
"Batch2_Cell493","Batch2","3"
"Batch2_Cell494","Batch2","3"
"Batch2_Cell495","Batch2","3"
"Batch2_Cell496","Batch2","3"
"Batch2_Cell497","Batch2","3"
"Batch2_Cell498","Batch2","3"
"Batch2_Cell499","Batch2","3"
"Batch2_Cell500","Batch2","3"
"Batch2_Cell501","Batch2","3"
"Batch2_Cell502","Batch2","3"
"Batch2_Cell503","Batch2","3"
"Batch2_Cell504","Batch2","3"
"Batch2_Cell505","Batch2","3"
"Batch2_Cell506","Batch2","3"
"Batch2_Cell507","Batch2","3"
"Batch2_Cell508","Batch2","3"
"Batch2_Cell509","Batch2","3"
"Batch2_Cell510","Batch2","3"
"Batch2_Cell511","Batch2","3"
"Batch2_Cell512","Batch2","3"
"Batch2_Cell513","Batch2","3"
"Batch2_Cell514","Batch2","3"
"Batch2_Cell515","Batch2","3"
"Batch2_Cell516","Batch2","3"
"Batch2_Cell517","Batch2","3"
"Batch2_Cell518","Batch2","3"
"Batch2_Cell519","Batch2","3"
"Batch2_Cell520","Batch2","3"
"Batch2_Cell521","Batch2","3"
"Batch2_Cell522","Batch2","3"
"Batch2_Cell523","Batch2","3"
"Batch2_Cell524","Batch2","3"
"Batch2_Cell525","Batch2","3"
"Batch2_Cell526","Batch2","3"
"Batch2_Cell527","Batch2","3"
"Batch2_Cell528","Batch2","3"
"Batch2_Cell529","Batch2","3"
"Batch2_Cell530","Batch2","3"
"Batch2_Cell531","Batch2","3"
"Batch2_Cell532","Batch2","3"
"Batch2_Cell533","Batch2","3"
"Batch2_Cell534","Batch2","3"
"Batch2_Cell535","Batch2","3"
"Batch2_Cell536","Batch2","3"
"Batch2_Cell537","Batch2","3"
"Batch2_Cell538","Batch2","3"
"Batch2_Cell539","Batch2","3"
"Batch2_Cell540","Batch2","3"
"Batch2_Cell541","Batch2","3"
"Batch2_Cell542","Batch2","3"
"Batch2_Cell543","Batch2","3"
"Batch2_Cell544","Batch2","3"
"Batch2_Cell545","Batch2","3"
"Batch2_Cell546","Batch2","3"
"Batch2_Cell547","Batch2","3"
"Batch2_Cell548","Batch2","3"
"Batch2_Cell549","Batch2","3"
"Batch2_Cell550","Batch2","3"
"Batch2_Cell551","Batch2","3"
"Batch2_Cell552","Batch2","3"
"Batch2_Cell553","Batch2","3"
"Batch2_Cell554","Batch2","3"
"Batch2_Cell555","Batch2","3"
"Batch2_Cell556","Batch2","3"
"Batch2_Cell557","Batch2","3"
"Batch2_Cell558","Batch2","3"
"Batch2_Cell559","Batch2","3"
"Batch2_Cell560","Batch2","3"
"Batch2_Cell561","Batch2","3"
"Batch2_Cell562","Batch2","3"
"Batch2_Cell563","Batch2","3"
"Batch2_Cell564","Batch2","3"
"Batch2_Cell565","Batch2","3"
"Batch2_Cell566","Batch2","3"
"Batch2_Cell567","Batch2","3"
"Batch2_Cell568","Batch2","3"
"Batch2_Cell569","Batch2","3"
"Batch2_Cell570","Batch2","3"
"Batch2_Cell571","Batch2","3"
"Batch2_Cell572","Batch2","3"
"Batch2_Cell573","Batch2","3"
"Batch2_Cell574","Batch2","3"
"Batch2_Cell575","Batch2","3"
"Batch2_Cell576","Batch2","3"
"Batch2_Cell577","Batch2","3"
"Batch2_Cell578","Batch2","3"
"Batch2_Cell579","Batch2","3"
"Batch2_Cell580","Batch2","3"
"Batch2_Cell581","Batch2","3"
"Batch2_Cell582","Batch2","3"
"Batch2_Cell583","Batch2","3"
"Batch2_Cell584","Batch2","3"
"Batch2_Cell585","Batch2","3"
"Batch2_Cell586","Batch2","3"
"Batch2_Cell587","Batch2","3"
"Batch2_Cell588","Batch2","3"
"Batch2_Cell589","Batch2","3"
"Batch2_Cell590","Batch2","3"
"Batch2_Cell591","Batch2","3"
"Batch2_Cell592","Batch2","3"
"Batch2_Cell593","Batch2","3"
"Batch2_Cell594","Batch2","3"
"Batch2_Cell595","Batch2","3"
"Batch2_Cell596","Batch2","3"
"Batch2_Cell597","Batch2","3"
"Batch2_Cell598","Batch2","3"
"Batch2_Cell599","Batch2","3"
"Batch2_Cell600","Batch2","3"
"Batch2_Cell601","Batch2","3"
"Batch2_Cell602","Batch2","3"
"Batch2_Cell603","Batch2","3"
"Batch2_Cell604","Batch2","3"
"Batch2_Cell605","Batch2","3"
"Batch2_Cell606","Batch2","3"
"Batch2_Cell607","Batch2","3"
"Batch2_Cell608","Batch2","3"
"Batch2_Cell609","Batch2","3"
"Batch2_Cell610","Batch2","3"
"Batch2_Cell611","Batch2","3"
"Batch2_Cell612","Batch2","3"
"Batch2_Cell613","Batch2","3"
"Batch2_Cell614","Batch2","3"
"Batch2_Cell615","Batch2","3"
"Batch2_Cell616","Batch2","3"
"Batch2_Cell617","Batch2","3"
"Batch2_Cell618","Batch2","3"
"Batch2_Cell619","Batch2","3"
"Batch2_Cell620","Batch2","3"
"Batch2_Cell621","Batch2","3"
"Batch2_Cell622","Batch2","3"
"Batch2_Cell623","Batch2","3"
"Batch2_Cell624","Batch2","3"
"Batch2_Cell625","Batch2","3"
"Batch2_Cell626","Batch2","3"
"Batch2_Cell627","Batch2","3"
"Batch2_Cell628","Batch2","3"
"Batch2_Cell629","Batch2","3"
"Batch2_Cell630","Batch2","3"
"Batch2_Cell631","Batch2","3"
"Batch2_Cell632","Batch2","3"
"Batch2_Cell633","Batch2","3"
"Batch2_Cell634","Batch2","3"
"Batch2_Cell635","Batch2","3"
"Batch2_Cell636","Batch2","3"
"Batch2_Cell637","Batch2","3"
"Batch2_Cell638","Batch2","3"
"Batch2_Cell639","Batch2","4"
"Batch2_Cell640","Batch2","3"
"Batch2_Cell641","Batch2","3"
"Batch2_Cell642","Batch2","3"
"Batch2_Cell643","Batch2","3"
"Batch2_Cell644","Batch2","3"
"Batch2_Cell645","Batch2","3"
"Batch2_Cell646","Batch2","3"
"Batch2_Cell647","Batch2","3"
"Batch2_Cell648","Batch2","3"
"Batch2_Cell649","Batch2","3"
"Batch2_Cell650","Batch2","3"
"Batch2_Cell651","Batch2","3"
"Batch2_Cell652","Batch2","3"
"Batch2_Cell653","Batch2","3"
"Batch2_Cell654","Batch2","3"
"Batch2_Cell655","Batch2","3"
"Batch2_Cell656","Batch2","3"
"Batch2_Cell657","Batch2","3"
"Batch2_Cell658","Batch2","4"
"Batch2_Cell659","Batch2","3"
"Batch2_Cell660","Batch2","3"
"Batch2_Cell661","Batch2","3"
"Batch2_Cell662","Batch2","3"
"Batch2_Cell663","Batch2","4"
"Batch2_Cell664","Batch2","4"
"Batch2_Cell665","Batch2","4"
"Batch2_Cell666","Batch2","3"
"Batch2_Cell667","Batch2","3"
"Batch2_Cell668","Batch2","3"
"Batch2_Cell669","Batch2","3"
"Batch2_Cell670","Batch2","4"
"Batch2_Cell671","Batch2","3"
"Batch2_Cell672","Batch2","3"
"Batch2_Cell673","Batch2","3"
"Batch2_Cell674","Batch2","3"
"Batch2_Cell675","Batch2","3"
"Batch2_Cell676","Batch2","3"
"Batch2_Cell677","Batch2","4"
"Batch2_Cell678","Batch2","4"
"Batch2_Cell679","Batch2","3"
"Batch2_Cell680","Batch2","3"
"Batch2_Cell681","Batch2","3"
"Batch2_Cell682","Batch2","4"
"Batch2_Cell683","Batch2","3"
"Batch2_Cell684","Batch2","4"
"Batch2_Cell685","Batch2","4"
"Batch2_Cell686","Batch2","3"
"Batch2_Cell687","Batch2","4"
"Batch2_Cell688","Batch2","3"
"Batch2_Cell689","Batch2","4"
"Batch2_Cell690","Batch2","4"
"Batch2_Cell691","Batch2","4"
"Batch2_Cell692","Batch2","4"
"Batch2_Cell693","Batch2","4"
"Batch2_Cell694","Batch2","3"
"Batch2_Cell695","Batch2","3"
"Batch2_Cell696","Batch2","3"
"Batch2_Cell697","Batch2","3"
"Batch2_Cell698","Batch2","3"
"Batch2_Cell699","Batch2","3"
"Batch2_Cell700","Batch2","3"
"Batch2_Cell701","Batch2","3"
"Batch2_Cell702","Batch2","4"
"Batch2_Cell703","Batch2","4"
"Batch2_Cell704","Batch2","4"
"Batch2_Cell705","Batch2","3"
"Batch2_Cell706","Batch2","3"
"Batch2_Cell707","Batch2","4"
"Batch2_Cell708","Batch2","3"
"Batch2_Cell709","Batch2","4"
"Batch2_Cell710","Batch2","3"
"Batch2_Cell711","Batch2","3"
"Batch2_Cell712","Batch2","3"
"Batch2_Cell713","Batch2","3"
"Batch2_Cell714","Batch2","3"
"Batch2_Cell715","Batch2","4"
"Batch2_Cell716","Batch2","4"
"Batch2_Cell717","Batch2","3"
"Batch2_Cell718","Batch2","3"
"Batch2_Cell719","Batch2","4"
"Batch2_Cell720","Batch2","3"
"Batch2_Cell721","Batch2","4"
"Batch2_Cell722","Batch2","3"
"Batch2_Cell723","Batch2","4"
"Batch2_Cell724","Batch2","3"
"Batch2_Cell725","Batch2","4"
"Batch2_Cell726","Batch2","4"
"Batch2_Cell727","Batch2","4"
"Batch2_Cell728","Batch2","4"
"Batch2_Cell729","Batch2","4"
"Batch2_Cell730","Batch2","4"
"Batch2_Cell731","Batch2","4"
"Batch2_Cell732","Batch2","4"
"Batch2_Cell733","Batch2","3"
"Batch2_Cell734","Batch2","3"
"Batch2_Cell735","Batch2","4"
"Batch2_Cell736","Batch2","4"
"Batch2_Cell737","Batch2","4"
"Batch2_Cell738","Batch2","4"
"Batch2_Cell739","Batch2","4"
"Batch2_Cell740","Batch2","4"
"Batch2_Cell741","Batch2","4"
"Batch2_Cell742","Batch2","4"
"Batch2_Cell743","Batch2","4"
"Batch2_Cell744","Batch2","4"
"Batch2_Cell745","Batch2","4"
"Batch2_Cell746","Batch2","4"
"Batch2_Cell747","Batch2","4"
"Batch2_Cell748","Batch2","4"
"Batch2_Cell749","Batch2","4"
"Batch2_Cell750","Batch2","4"
"Batch2_Cell751","Batch2","4"
"Batch2_Cell752","Batch2","3"
"Batch2_Cell753","Batch2","4"
"Batch2_Cell754","Batch2","4"
"Batch2_Cell755","Batch2","4"
"Batch2_Cell756","Batch2","4"
"Batch2_Cell757","Batch2","4"
"Batch2_Cell758","Batch2","4"
"Batch2_Cell759","Batch2","4"
"Batch2_Cell760","Batch2","4"
"Batch2_Cell761","Batch2","4"
"Batch2_Cell762","Batch2","4"
"Batch2_Cell763","Batch2","4"
"Batch2_Cell764","Batch2","4"
"Batch2_Cell765","Batch2","4"
"Batch2_Cell766","Batch2","4"
"Batch2_Cell767","Batch2","4"
"Batch2_Cell768","Batch2","4"
"Batch2_Cell769","Batch2","4"
"Batch2_Cell770","Batch2","4"
"Batch2_Cell771","Batch2","4"
"Batch2_Cell772","Batch2","4"
"Batch2_Cell773","Batch2","4"
"Batch2_Cell774","Batch2","4"
"Batch2_Cell775","Batch2","4"
"Batch2_Cell776","Batch2","4"
"Batch2_Cell777","Batch2","4"
"Batch2_Cell778","Batch2","4"
"Batch2_Cell779","Batch2","4"
"Batch2_Cell780","Batch2","4"
"Batch2_Cell781","Batch2","4"
"Batch2_Cell782","Batch2","4"
"Batch2_Cell783","Batch2","4"
"Batch2_Cell784","Batch2","4"
"Batch2_Cell785","Batch2","4"
"Batch2_Cell786","Batch2","4"
"Batch2_Cell787","Batch2","4"
"Batch2_Cell788","Batch2","4"
"Batch2_Cell789","Batch2","4"
"Batch2_Cell790","Batch2","4"
"Batch2_Cell791","Batch2","4"
"Batch2_Cell792","Batch2","4"
"Batch2_Cell793","Batch2","4"
"Batch2_Cell794","Batch2","4"
"Batch2_Cell795","Batch2","4"
"Batch2_Cell796","Batch2","4"
"Batch2_Cell797","Batch2","4"
"Batch2_Cell798","Batch2","4"
"Batch2_Cell799","Batch2","4"
"Batch2_Cell800","Batch2","4"
"Batch2_Cell801","Batch2","4"
"Batch2_Cell802","Batch2","4"
"Batch2_Cell803","Batch2","4"
"Batch2_Cell804","Batch2","4"
"Batch2_Cell805","Batch2","4"
"Batch2_Cell806","Batch2","4"
"Batch2_Cell807","Batch2","4"
"Batch2_Cell808","Batch2","4"
"Batch2_Cell809","Batch2","4"
"Batch2_Cell810","Batch2","4"
"Batch2_Cell811","Batch2","4"
"Batch2_Cell812","Batch2","4"
"Batch2_Cell813","Batch2","4"
"Batch2_Cell814","Batch2","4"
"Batch2_Cell815","Batch2","4"
"Batch2_Cell816","Batch2","4"
"Batch2_Cell817","Batch2","4"
"Batch2_Cell818","Batch2","4"
"Batch2_Cell819","Batch2","4"
"Batch2_Cell820","Batch2","4"
"Batch2_Cell821","Batch2","4"
"Batch2_Cell822","Batch2","4"
"Batch2_Cell823","Batch2","4"
"Batch2_Cell824","Batch2","4"
"Batch2_Cell825","Batch2","4"
"Batch2_Cell826","Batch2","4"
"Batch2_Cell827","Batch2","4"
"Batch2_Cell828","Batch2","4"
"Batch2_Cell829","Batch2","4"
"Batch2_Cell830","Batch2","4"
"Batch2_Cell831","Batch2","4"
"Batch2_Cell832","Batch2","4"
"Batch2_Cell833","Batch2","4"
"Batch2_Cell834","Batch2","4"
"Batch2_Cell835","Batch2","4"
"Batch2_Cell836","Batch2","4"
"Batch2_Cell837","Batch2","4"
"Batch2_Cell838","Batch2","4"
"Batch2_Cell839","Batch2","4"
"Batch2_Cell840","Batch2","4"
"Batch2_Cell841","Batch2","4"
"Batch2_Cell842","Batch2","4"
"Batch2_Cell843","Batch2","4"
"Batch2_Cell844","Batch2","4"
"Batch2_Cell845","Batch2","4"
"Batch2_Cell846","Batch2","4"
"Batch2_Cell847","Batch2","4"
"Batch2_Cell848","Batch2","4"
"Batch2_Cell849","Batch2","4"
"Batch2_Cell850","Batch2","4"
"Batch2_Cell851","Batch2","4"
"Batch2_Cell852","Batch2","4"
"Batch2_Cell853","Batch2","4"
"Batch2_Cell854","Batch2","4"
"Batch2_Cell855","Batch2","4"
"Batch2_Cell856","Batch2","4"
"Batch2_Cell857","Batch2","4"
"Batch2_Cell858","Batch2","4"
"Batch2_Cell859","Batch2","4"
"Batch2_Cell860","Batch2","4"
"Batch2_Cell861","Batch2","4"
"Batch2_Cell862","Batch2","4"
"Batch2_Cell863","Batch2","4"
"Batch2_Cell864","Batch2","4"
"Batch2_Cell865","Batch2","4"
"Batch2_Cell866","Batch2","4"
"Batch2_Cell867","Batch2","4"
"Batch2_Cell868","Batch2","4"
"Batch2_Cell869","Batch2","4"
"Batch2_Cell870","Batch2","4"
"Batch2_Cell871","Batch2","4"
"Batch2_Cell872","Batch2","4"
"Batch2_Cell873","Batch2","4"
"Batch2_Cell874","Batch2","4"
"Batch2_Cell875","Batch2","4"
"Batch2_Cell876","Batch2","4"
"Batch2_Cell877","Batch2","4"
"Batch2_Cell878","Batch2","4"
"Batch2_Cell879","Batch2","4"
"Batch2_Cell880","Batch2","4"
"Batch2_Cell881","Batch2","4"
"Batch2_Cell882","Batch2","4"
"Batch2_Cell883","Batch2","4"
"Batch2_Cell884","Batch2","4"
"Batch2_Cell885","Batch2","4"
"Batch2_Cell886","Batch2","4"
"Batch2_Cell887","Batch2","4"
"Batch2_Cell888","Batch2","4"
"Batch2_Cell889","Batch2","4"
"Batch2_Cell890","Batch2","4"
"Batch2_Cell891","Batch2","4"
"Batch2_Cell892","Batch2","4"
"Batch2_Cell893","Batch2","4"
"Batch2_Cell894","Batch2","4"
"Batch2_Cell895","Batch2","4"
"Batch2_Cell896","Batch2","4"
"Batch2_Cell897","Batch2","4"
"Batch2_Cell898","Batch2","4"
"Batch2_Cell899","Batch2","4"
"Batch2_Cell900","Batch2","4"
"Batch2_Cell901","Batch2","4"
"Batch2_Cell902","Batch2","4"
"Batch2_Cell903","Batch2","4"
"Batch2_Cell904","Batch2","4"
"Batch2_Cell905","Batch2","4"
"Batch2_Cell906","Batch2","4"
"Batch2_Cell907","Batch2","4"
"Batch2_Cell908","Batch2","4"
"Batch2_Cell909","Batch2","4"
"Batch2_Cell910","Batch2","4"
"Batch2_Cell911","Batch2","4"
"Batch2_Cell912","Batch2","4"
"Batch2_Cell913","Batch2","4"
"Batch2_Cell914","Batch2","4"
"Batch2_Cell915","Batch2","4"
"Batch2_Cell916","Batch2","4"
"Batch2_Cell917","Batch2","4"
"Batch2_Cell918","Batch2","4"
"Batch2_Cell919","Batch2","4"
"Batch2_Cell920","Batch2","4"
"Batch2_Cell921","Batch2","4"
"Batch2_Cell922","Batch2","4"
"Batch2_Cell923","Batch2","4"
"Batch2_Cell924","Batch2","4"
"Batch2_Cell925","Batch2","4"
"Batch2_Cell926","Batch2","4"
"Batch2_Cell927","Batch2","4"
"Batch2_Cell928","Batch2","4"
"Batch2_Cell929","Batch2","4"
"Batch2_Cell930","Batch2","4"
"Batch2_Cell931","Batch2","4"
"Batch2_Cell932","Batch2","4"
"Batch2_Cell933","Batch2","4"
"Batch2_Cell934","Batch2","4"
"Batch2_Cell935","Batch2","4"
"Batch2_Cell936","Batch2","4"
"Batch2_Cell937","Batch2","4"
"Batch2_Cell938","Batch2","4"
"Batch2_Cell939","Batch2","4"
"Batch2_Cell940","Batch2","4"
"Batch2_Cell941","Batch2","4"
"Batch2_Cell942","Batch2","4"
"Batch2_Cell943","Batch2","4"
"Batch2_Cell944","Batch2","4"
"Batch2_Cell945","Batch2","4"
"Batch2_Cell946","Batch2","4"
"Batch2_Cell947","Batch2","4"
"Batch2_Cell948","Batch2","4"
"Batch2_Cell949","Batch2","4"
"Batch2_Cell950","Batch2","4"
"Batch2_Cell951","Batch2","4"
"Batch2_Cell952","Batch2","4"
"Batch2_Cell953","Batch2","4"
"Batch2_Cell954","Batch2","4"
"Batch2_Cell955","Batch2","4"
"Batch2_Cell956","Batch2","4"
"Batch2_Cell957","Batch2","4"
"Batch2_Cell958","Batch2","4"
"Batch2_Cell959","Batch2","4"
"Batch2_Cell960","Batch2","4"
"Batch2_Cell961","Batch2","4"
"Batch2_Cell962","Batch2","4"
"Batch2_Cell963","Batch2","4"
"Batch2_Cell964","Batch2","4"
"Batch2_Cell965","Batch2","4"
"Batch2_Cell966","Batch2","4"
"Batch2_Cell967","Batch2","4"
"Batch2_Cell968","Batch2","4"
"Batch2_Cell969","Batch2","4"
"Batch2_Cell970","Batch2","4"
"Batch2_Cell971","Batch2","4"
"Batch2_Cell972","Batch2","4"
"Batch2_Cell973","Batch2","4"
"Batch2_Cell974","Batch2","4"
"Batch2_Cell975","Batch2","4"
"Batch2_Cell976","Batch2","4"
"Batch2_Cell977","Batch2","4"
"Batch2_Cell978","Batch2","4"
"Batch2_Cell979","Batch2","4"
"Batch2_Cell980","Batch2","4"
"Batch2_Cell981","Batch2","4"
"Batch2_Cell982","Batch2","4"
"Batch2_Cell983","Batch2","4"
"Batch2_Cell984","Batch2","4"
"Batch2_Cell985","Batch2","4"
"Batch2_Cell986","Batch2","4"
"Batch2_Cell987","Batch2","4"
"Batch2_Cell988","Batch2","4"
"Batch2_Cell989","Batch2","4"
"Batch2_Cell990","Batch2","4"
"Batch2_Cell991","Batch2","4"
"Batch2_Cell992","Batch2","4"
"Batch2_Cell993","Batch2","4"
"Batch2_Cell994","Batch2","4"
"Batch2_Cell995","Batch2","4"
"Batch2_Cell996","Batch2","4"
"Batch2_Cell997","Batch2","4"
"Batch2_Cell998","Batch2","4"
"Batch2_Cell999","Batch2","4"
"Batch2_Cell1000","Batch2","4"
"Batch2_Cell1001","Batch2","4"
"Batch2_Cell1002","Batch2","4"
"Batch2_Cell1003","Batch2","4"
"Batch2_Cell1004","Batch2","4"
"Batch2_Cell1005","Batch2","4"
"Batch2_Cell1006","Batch2","4"
"Batch2_Cell1007","Batch2","4"
"Batch2_Cell1008","Batch2","4"
"Batch2_Cell1009","Batch2","4"
"Batch2_Cell1010","Batch2","4"
"Batch2_Cell1011","Batch2","4"
"Batch2_Cell1012","Batch2","4"
"Batch2_Cell1013","Batch2","4"
"Batch2_Cell1014","Batch2","4"
"Batch2_Cell1015","Batch2","4"
"Batch2_Cell1016","Batch2","4"
"Batch2_Cell1017","Batch2","4"
"Batch2_Cell1018","Batch2","4"
"Batch2_Cell1019","Batch2","4"
"Batch2_Cell1020","Batch2","4"
"Batch2_Cell1021","Batch2","4"
"Batch2_Cell1022","Batch2","4"
"Batch2_Cell1023","Batch2","4"
"Batch2_Cell1024","Batch2","4"
"Batch2_Cell1025","Batch2","4"
"Batch2_Cell1026","Batch2","4"
"Batch2_Cell1027","Batch2","4"
"Batch2_Cell1028","Batch2","4"
"Batch2_Cell1029","Batch2","4"
"Batch2_Cell1030","Batch2","4"
"Batch2_Cell1031","Batch2","4"
"Batch2_Cell1032","Batch2","4"
"Batch2_Cell1033","Batch2","4"
"Batch2_Cell1034","Batch2","4"
"Batch2_Cell1035","Batch2","4"
"Batch2_Cell1036","Batch2","4"
"Batch2_Cell1037","Batch2","4"
"Batch2_Cell1038","Batch2","4"
"Batch2_Cell1039","Batch2","4"
"Batch2_Cell1040","Batch2","4"
"Batch2_Cell1041","Batch2","4"
"Batch2_Cell1042","Batch2","4"
"Batch2_Cell1043","Batch2","4"
"Batch2_Cell1044","Batch2","4"
"Batch2_Cell1045","Batch2","4"
"Batch2_Cell1046","Batch2","4"
"Batch2_Cell1047","Batch2","4"
"Batch2_Cell1048","Batch2","4"
"Batch2_Cell1049","Batch2","4"
"Batch2_Cell1050","Batch2","4"
"Batch2_Cell1051","Batch2","4"
"Batch2_Cell1052","Batch2","4"
"Batch2_Cell1053","Batch2","4"
"Batch3_Cell1","Batch3","1"
"Batch3_Cell2","Batch3","1"
"Batch3_Cell3","Batch3","1"
"Batch3_Cell4","Batch3","1"
"Batch3_Cell5","Batch3","1"
"Batch3_Cell6","Batch3","1"
"Batch3_Cell7","Batch3","1"
"Batch3_Cell8","Batch3","1"
"Batch3_Cell9","Batch3","1"
"Batch3_Cell10","Batch3","1"
"Batch3_Cell11","Batch3","1"
"Batch3_Cell12","Batch3","1"
"Batch3_Cell13","Batch3","1"
"Batch3_Cell14","Batch3","1"
"Batch3_Cell15","Batch3","1"
"Batch3_Cell16","Batch3","1"
"Batch3_Cell17","Batch3","1"
"Batch3_Cell18","Batch3","1"
"Batch3_Cell19","Batch3","2"
"Batch3_Cell20","Batch3","1"
"Batch3_Cell21","Batch3","1"
"Batch3_Cell22","Batch3","1"
"Batch3_Cell23","Batch3","2"
"Batch3_Cell24","Batch3","1"
"Batch3_Cell25","Batch3","1"
"Batch3_Cell26","Batch3","2"
"Batch3_Cell27","Batch3","1"
"Batch3_Cell28","Batch3","2"
"Batch3_Cell29","Batch3","1"
"Batch3_Cell30","Batch3","1"
"Batch3_Cell31","Batch3","1"
"Batch3_Cell32","Batch3","2"
"Batch3_Cell33","Batch3","1"
"Batch3_Cell34","Batch3","2"
"Batch3_Cell35","Batch3","1"
"Batch3_Cell36","Batch3","2"
"Batch3_Cell37","Batch3","2"
"Batch3_Cell38","Batch3","2"
"Batch3_Cell39","Batch3","2"
"Batch3_Cell40","Batch3","1"
"Batch3_Cell41","Batch3","1"
"Batch3_Cell42","Batch3","2"
"Batch3_Cell43","Batch3","2"
"Batch3_Cell44","Batch3","2"
"Batch3_Cell45","Batch3","2"
"Batch3_Cell46","Batch3","2"
"Batch3_Cell47","Batch3","2"
"Batch3_Cell48","Batch3","2"
"Batch3_Cell49","Batch3","2"
"Batch3_Cell50","Batch3","2"
"Batch3_Cell51","Batch3","1"
"Batch3_Cell52","Batch3","2"
"Batch3_Cell53","Batch3","2"
"Batch3_Cell54","Batch3","2"
"Batch3_Cell55","Batch3","2"
"Batch3_Cell56","Batch3","2"
"Batch3_Cell57","Batch3","2"
"Batch3_Cell58","Batch3","2"
"Batch3_Cell59","Batch3","2"
"Batch3_Cell60","Batch3","1"
"Batch3_Cell61","Batch3","2"
"Batch3_Cell62","Batch3","2"
"Batch3_Cell63","Batch3","2"
"Batch3_Cell64","Batch3","2"
"Batch3_Cell65","Batch3","2"
"Batch3_Cell66","Batch3","2"
"Batch3_Cell67","Batch3","2"
"Batch3_Cell68","Batch3","2"
"Batch3_Cell69","Batch3","2"
"Batch3_Cell70","Batch3","2"
"Batch3_Cell71","Batch3","2"
"Batch3_Cell72","Batch3","2"
"Batch3_Cell73","Batch3","2"
"Batch3_Cell74","Batch3","2"
"Batch3_Cell75","Batch3","2"
"Batch3_Cell76","Batch3","1"
"Batch3_Cell77","Batch3","2"
"Batch3_Cell78","Batch3","2"
"Batch3_Cell79","Batch3","2"
"Batch3_Cell80","Batch3","2"
"Batch3_Cell81","Batch3","2"
"Batch3_Cell82","Batch3","2"
"Batch3_Cell83","Batch3","2"
"Batch3_Cell84","Batch3","2"
"Batch3_Cell85","Batch3","2"
"Batch3_Cell86","Batch3","2"
"Batch3_Cell87","Batch3","2"
"Batch3_Cell88","Batch3","2"
"Batch3_Cell89","Batch3","2"
"Batch3_Cell90","Batch3","2"
"Batch3_Cell91","Batch3","2"
"Batch3_Cell92","Batch3","2"
"Batch3_Cell93","Batch3","2"
"Batch3_Cell94","Batch3","2"
"Batch3_Cell95","Batch3","2"
"Batch3_Cell96","Batch3","2"
"Batch3_Cell97","Batch3","2"
"Batch3_Cell98","Batch3","2"
"Batch3_Cell99","Batch3","2"
"Batch3_Cell100","Batch3","2"
"Batch3_Cell101","Batch3","2"
"Batch3_Cell102","Batch3","2"
"Batch3_Cell103","Batch3","2"
"Batch3_Cell104","Batch3","2"
"Batch3_Cell105","Batch3","2"
"Batch3_Cell106","Batch3","2"
"Batch3_Cell107","Batch3","2"
"Batch3_Cell108","Batch3","2"
"Batch3_Cell109","Batch3","2"
"Batch3_Cell110","Batch3","2"
"Batch3_Cell111","Batch3","2"
"Batch3_Cell112","Batch3","2"
"Batch3_Cell113","Batch3","2"
"Batch3_Cell114","Batch3","2"
"Batch3_Cell115","Batch3","2"
"Batch3_Cell116","Batch3","2"
"Batch3_Cell117","Batch3","2"
"Batch3_Cell118","Batch3","2"
"Batch3_Cell119","Batch3","2"
"Batch3_Cell120","Batch3","2"
"Batch3_Cell121","Batch3","2"
"Batch3_Cell122","Batch3","2"
"Batch3_Cell123","Batch3","2"
"Batch3_Cell124","Batch3","2"
"Batch3_Cell125","Batch3","2"
"Batch3_Cell126","Batch3","2"
"Batch3_Cell127","Batch3","2"
"Batch3_Cell128","Batch3","3"
"Batch3_Cell129","Batch3","2"
"Batch3_Cell130","Batch3","2"
"Batch3_Cell131","Batch3","2"
"Batch3_Cell132","Batch3","2"
"Batch3_Cell133","Batch3","3"
"Batch3_Cell134","Batch3","2"
"Batch3_Cell135","Batch3","2"
"Batch3_Cell136","Batch3","3"
"Batch3_Cell137","Batch3","2"
"Batch3_Cell138","Batch3","2"
"Batch3_Cell139","Batch3","2"
"Batch3_Cell140","Batch3","2"
"Batch3_Cell141","Batch3","2"
"Batch3_Cell142","Batch3","2"
"Batch3_Cell143","Batch3","2"
"Batch3_Cell144","Batch3","2"
"Batch3_Cell145","Batch3","2"
"Batch3_Cell146","Batch3","2"
"Batch3_Cell147","Batch3","2"
"Batch3_Cell148","Batch3","2"
"Batch3_Cell149","Batch3","2"
"Batch3_Cell150","Batch3","3"
"Batch3_Cell151","Batch3","2"
"Batch3_Cell152","Batch3","2"
"Batch3_Cell153","Batch3","2"
"Batch3_Cell154","Batch3","2"
"Batch3_Cell155","Batch3","3"
"Batch3_Cell156","Batch3","2"
"Batch3_Cell157","Batch3","2"
"Batch3_Cell158","Batch3","2"
"Batch3_Cell159","Batch3","2"
"Batch3_Cell160","Batch3","2"
"Batch3_Cell161","Batch3","2"
"Batch3_Cell162","Batch3","2"
"Batch3_Cell163","Batch3","2"
"Batch3_Cell164","Batch3","2"
"Batch3_Cell165","Batch3","3"
"Batch3_Cell166","Batch3","2"
"Batch3_Cell167","Batch3","3"
"Batch3_Cell168","Batch3","2"
"Batch3_Cell169","Batch3","2"
"Batch3_Cell170","Batch3","2"
"Batch3_Cell171","Batch3","3"
"Batch3_Cell172","Batch3","3"
"Batch3_Cell173","Batch3","2"
"Batch3_Cell174","Batch3","2"
"Batch3_Cell175","Batch3","3"
"Batch3_Cell176","Batch3","3"
"Batch3_Cell177","Batch3","2"
"Batch3_Cell178","Batch3","2"
"Batch3_Cell179","Batch3","2"
"Batch3_Cell180","Batch3","2"
"Batch3_Cell181","Batch3","3"
"Batch3_Cell182","Batch3","3"
"Batch3_Cell183","Batch3","2"
"Batch3_Cell184","Batch3","2"
"Batch3_Cell185","Batch3","3"
"Batch3_Cell186","Batch3","2"
"Batch3_Cell187","Batch3","3"
"Batch3_Cell188","Batch3","2"
"Batch3_Cell189","Batch3","3"
"Batch3_Cell190","Batch3","2"
"Batch3_Cell191","Batch3","3"
"Batch3_Cell192","Batch3","3"
"Batch3_Cell193","Batch3","3"
"Batch3_Cell194","Batch3","2"
"Batch3_Cell195","Batch3","3"
"Batch3_Cell196","Batch3","2"
"Batch3_Cell197","Batch3","2"
"Batch3_Cell198","Batch3","3"
"Batch3_Cell199","Batch3","3"
"Batch3_Cell200","Batch3","2"
"Batch3_Cell201","Batch3","3"
"Batch3_Cell202","Batch3","2"
"Batch3_Cell203","Batch3","2"
"Batch3_Cell204","Batch3","3"
"Batch3_Cell205","Batch3","3"
"Batch3_Cell206","Batch3","3"
"Batch3_Cell207","Batch3","3"
"Batch3_Cell208","Batch3","2"
"Batch3_Cell209","Batch3","3"
"Batch3_Cell210","Batch3","3"
"Batch3_Cell211","Batch3","3"
"Batch3_Cell212","Batch3","3"
"Batch3_Cell213","Batch3","3"
"Batch3_Cell214","Batch3","3"
"Batch3_Cell215","Batch3","3"
"Batch3_Cell216","Batch3","3"
"Batch3_Cell217","Batch3","2"
"Batch3_Cell218","Batch3","3"
"Batch3_Cell219","Batch3","3"
"Batch3_Cell220","Batch3","3"
"Batch3_Cell221","Batch3","3"
"Batch3_Cell222","Batch3","3"
"Batch3_Cell223","Batch3","3"
"Batch3_Cell224","Batch3","3"
"Batch3_Cell225","Batch3","3"
"Batch3_Cell226","Batch3","3"
"Batch3_Cell227","Batch3","3"
"Batch3_Cell228","Batch3","3"
"Batch3_Cell229","Batch3","2"
"Batch3_Cell230","Batch3","2"
"Batch3_Cell231","Batch3","3"
"Batch3_Cell232","Batch3","2"
"Batch3_Cell233","Batch3","3"
"Batch3_Cell234","Batch3","3"
"Batch3_Cell235","Batch3","3"
"Batch3_Cell236","Batch3","3"
"Batch3_Cell237","Batch3","3"
"Batch3_Cell238","Batch3","3"
"Batch3_Cell239","Batch3","3"
"Batch3_Cell240","Batch3","2"
"Batch3_Cell241","Batch3","3"
"Batch3_Cell242","Batch3","3"
"Batch3_Cell243","Batch3","3"
"Batch3_Cell244","Batch3","3"
"Batch3_Cell245","Batch3","3"
"Batch3_Cell246","Batch3","3"
"Batch3_Cell247","Batch3","3"
"Batch3_Cell248","Batch3","3"
"Batch3_Cell249","Batch3","3"
"Batch3_Cell250","Batch3","3"
"Batch3_Cell251","Batch3","2"
"Batch3_Cell252","Batch3","3"
"Batch3_Cell253","Batch3","3"
"Batch3_Cell254","Batch3","3"
"Batch3_Cell255","Batch3","3"
"Batch3_Cell256","Batch3","3"
"Batch3_Cell257","Batch3","3"
"Batch3_Cell258","Batch3","2"
"Batch3_Cell259","Batch3","3"
"Batch3_Cell260","Batch3","3"
"Batch3_Cell261","Batch3","3"
"Batch3_Cell262","Batch3","3"
"Batch3_Cell263","Batch3","3"
"Batch3_Cell264","Batch3","3"
"Batch3_Cell265","Batch3","3"
"Batch3_Cell266","Batch3","3"
"Batch3_Cell267","Batch3","3"
"Batch3_Cell268","Batch3","3"
"Batch3_Cell269","Batch3","3"
"Batch3_Cell270","Batch3","3"
"Batch3_Cell271","Batch3","3"
"Batch3_Cell272","Batch3","3"
"Batch3_Cell273","Batch3","2"
"Batch3_Cell274","Batch3","3"
"Batch3_Cell275","Batch3","3"
"Batch3_Cell276","Batch3","3"
"Batch3_Cell277","Batch3","3"
"Batch3_Cell278","Batch3","3"
"Batch3_Cell279","Batch3","3"
"Batch3_Cell280","Batch3","3"
"Batch3_Cell281","Batch3","3"
"Batch3_Cell282","Batch3","3"
"Batch3_Cell283","Batch3","3"
"Batch3_Cell284","Batch3","3"
"Batch3_Cell285","Batch3","3"
"Batch3_Cell286","Batch3","3"
"Batch3_Cell287","Batch3","3"
"Batch3_Cell288","Batch3","3"
"Batch3_Cell289","Batch3","3"
"Batch3_Cell290","Batch3","3"
"Batch3_Cell291","Batch3","3"
"Batch3_Cell292","Batch3","3"
"Batch3_Cell293","Batch3","3"
"Batch3_Cell294","Batch3","3"
"Batch3_Cell295","Batch3","3"
"Batch3_Cell296","Batch3","3"
"Batch3_Cell297","Batch3","3"
"Batch3_Cell298","Batch3","3"
"Batch3_Cell299","Batch3","3"
"Batch3_Cell300","Batch3","3"
"Batch3_Cell301","Batch3","3"
"Batch3_Cell302","Batch3","2"
"Batch3_Cell303","Batch3","3"
"Batch3_Cell304","Batch3","3"
"Batch3_Cell305","Batch3","3"
"Batch3_Cell306","Batch3","3"
"Batch3_Cell307","Batch3","3"
"Batch3_Cell308","Batch3","3"
"Batch3_Cell309","Batch3","3"
"Batch3_Cell310","Batch3","3"
"Batch3_Cell311","Batch3","3"
"Batch3_Cell312","Batch3","3"
"Batch3_Cell313","Batch3","3"
"Batch3_Cell314","Batch3","3"
"Batch3_Cell315","Batch3","3"
"Batch3_Cell316","Batch3","3"
"Batch3_Cell317","Batch3","3"
"Batch3_Cell318","Batch3","3"
"Batch3_Cell319","Batch3","2"
"Batch3_Cell320","Batch3","3"
"Batch3_Cell321","Batch3","3"
"Batch3_Cell322","Batch3","3"
"Batch3_Cell323","Batch3","3"
"Batch3_Cell324","Batch3","3"
"Batch3_Cell325","Batch3","3"
"Batch3_Cell326","Batch3","3"
"Batch3_Cell327","Batch3","3"
"Batch3_Cell328","Batch3","3"
"Batch3_Cell329","Batch3","3"
"Batch3_Cell330","Batch3","3"
"Batch3_Cell331","Batch3","3"
"Batch3_Cell332","Batch3","3"
"Batch3_Cell333","Batch3","3"
"Batch3_Cell334","Batch3","3"
"Batch3_Cell335","Batch3","3"
"Batch3_Cell336","Batch3","3"
"Batch3_Cell337","Batch3","3"
"Batch3_Cell338","Batch3","3"
"Batch3_Cell339","Batch3","2"
"Batch3_Cell340","Batch3","3"
"Batch3_Cell341","Batch3","3"
"Batch3_Cell342","Batch3","3"
"Batch3_Cell343","Batch3","3"
"Batch3_Cell344","Batch3","3"
"Batch3_Cell345","Batch3","3"
"Batch3_Cell346","Batch3","3"
"Batch3_Cell347","Batch3","3"
"Batch3_Cell348","Batch3","3"
"Batch3_Cell349","Batch3","3"
"Batch3_Cell350","Batch3","3"
"Batch3_Cell351","Batch3","3"
"Batch3_Cell352","Batch3","3"
"Batch3_Cell353","Batch3","3"
"Batch3_Cell354","Batch3","3"
"Batch3_Cell355","Batch3","3"
"Batch3_Cell356","Batch3","3"
"Batch3_Cell357","Batch3","3"
"Batch3_Cell358","Batch3","3"
"Batch3_Cell359","Batch3","3"
"Batch3_Cell360","Batch3","3"
"Batch3_Cell361","Batch3","3"
"Batch3_Cell362","Batch3","3"
"Batch3_Cell363","Batch3","3"
"Batch3_Cell364","Batch3","3"
"Batch3_Cell365","Batch3","3"
"Batch3_Cell366","Batch3","3"
"Batch3_Cell367","Batch3","3"
"Batch3_Cell368","Batch3","3"
"Batch3_Cell369","Batch3","3"
"Batch3_Cell370","Batch3","3"
"Batch3_Cell371","Batch3","3"
"Batch3_Cell372","Batch3","3"
"Batch3_Cell373","Batch3","3"
"Batch3_Cell374","Batch3","3"
"Batch3_Cell375","Batch3","3"
"Batch3_Cell376","Batch3","3"
"Batch3_Cell377","Batch3","3"
"Batch3_Cell378","Batch3","3"
"Batch3_Cell379","Batch3","3"
"Batch3_Cell380","Batch3","3"
"Batch3_Cell381","Batch3","3"
"Batch3_Cell382","Batch3","3"
"Batch3_Cell383","Batch3","3"
"Batch3_Cell384","Batch3","3"
"Batch3_Cell385","Batch3","3"
"Batch3_Cell386","Batch3","3"
"Batch3_Cell387","Batch3","3"
"Batch3_Cell388","Batch3","3"
"Batch3_Cell389","Batch3","3"
"Batch3_Cell390","Batch3","3"
"Batch3_Cell391","Batch3","3"
"Batch3_Cell392","Batch3","3"
"Batch3_Cell393","Batch3","3"
"Batch3_Cell394","Batch3","3"
"Batch3_Cell395","Batch3","3"
"Batch3_Cell396","Batch3","3"
"Batch3_Cell397","Batch3","3"
"Batch3_Cell398","Batch3","3"
"Batch3_Cell399","Batch3","3"
"Batch3_Cell400","Batch3","3"
"Batch3_Cell401","Batch3","3"
"Batch3_Cell402","Batch3","3"
"Batch3_Cell403","Batch3","3"
"Batch3_Cell404","Batch3","3"
"Batch3_Cell405","Batch3","3"
"Batch3_Cell406","Batch3","3"
"Batch3_Cell407","Batch3","3"
"Batch3_Cell408","Batch3","3"
"Batch3_Cell409","Batch3","3"
"Batch3_Cell410","Batch3","3"
"Batch3_Cell411","Batch3","3"
"Batch3_Cell412","Batch3","3"
"Batch3_Cell413","Batch3","3"
"Batch3_Cell414","Batch3","3"
"Batch3_Cell415","Batch3","3"
"Batch3_Cell416","Batch3","3"
"Batch3_Cell417","Batch3","3"
"Batch3_Cell418","Batch3","3"
"Batch3_Cell419","Batch3","3"
"Batch3_Cell420","Batch3","3"
"Batch3_Cell421","Batch3","3"
"Batch3_Cell422","Batch3","3"
"Batch3_Cell423","Batch3","3"
"Batch3_Cell424","Batch3","3"
"Batch3_Cell425","Batch3","3"
"Batch3_Cell426","Batch3","3"
"Batch3_Cell427","Batch3","3"
"Batch3_Cell428","Batch3","3"
"Batch3_Cell429","Batch3","3"
"Batch3_Cell430","Batch3","3"
"Batch3_Cell431","Batch3","3"
"Batch3_Cell432","Batch3","3"
"Batch3_Cell433","Batch3","3"
"Batch3_Cell434","Batch3","3"
"Batch3_Cell435","Batch3","3"
"Batch3_Cell436","Batch3","3"
"Batch3_Cell437","Batch3","3"
"Batch3_Cell438","Batch3","3"
"Batch3_Cell439","Batch3","3"
"Batch3_Cell440","Batch3","3"
"Batch3_Cell441","Batch3","3"
"Batch3_Cell442","Batch3","3"
"Batch3_Cell443","Batch3","3"
"Batch3_Cell444","Batch3","3"
"Batch3_Cell445","Batch3","3"
"Batch3_Cell446","Batch3","3"
"Batch3_Cell447","Batch3","3"
"Batch3_Cell448","Batch3","3"
"Batch3_Cell449","Batch3","3"
"Batch3_Cell450","Batch3","3"
"Batch3_Cell451","Batch3","3"
"Batch3_Cell452","Batch3","3"
"Batch3_Cell453","Batch3","3"
"Batch3_Cell454","Batch3","3"
"Batch3_Cell455","Batch3","3"
"Batch3_Cell456","Batch3","3"
"Batch3_Cell457","Batch3","3"
"Batch3_Cell458","Batch3","3"
"Batch3_Cell459","Batch3","3"
"Batch3_Cell460","Batch3","3"
"Batch3_Cell461","Batch3","3"
"Batch3_Cell462","Batch3","3"
"Batch3_Cell463","Batch3","3"
"Batch3_Cell464","Batch3","3"
"Batch3_Cell465","Batch3","3"
"Batch3_Cell466","Batch3","3"
"Batch3_Cell467","Batch3","3"
"Batch3_Cell468","Batch3","3"
"Batch3_Cell469","Batch3","3"
"Batch3_Cell470","Batch3","3"
"Batch3_Cell471","Batch3","3"
"Batch3_Cell472","Batch3","3"
"Batch3_Cell473","Batch3","3"
"Batch3_Cell474","Batch3","3"
"Batch3_Cell475","Batch3","3"
"Batch3_Cell476","Batch3","3"
"Batch3_Cell477","Batch3","3"
"Batch3_Cell478","Batch3","3"
"Batch3_Cell479","Batch3","3"
"Batch3_Cell480","Batch3","3"
"Batch3_Cell481","Batch3","3"
"Batch3_Cell482","Batch3","3"
"Batch3_Cell483","Batch3","3"
"Batch3_Cell484","Batch3","3"
"Batch3_Cell485","Batch3","3"
"Batch3_Cell486","Batch3","3"
"Batch3_Cell487","Batch3","3"
"Batch3_Cell488","Batch3","3"
"Batch3_Cell489","Batch3","3"
"Batch3_Cell490","Batch3","3"
"Batch3_Cell491","Batch3","3"
"Batch3_Cell492","Batch3","3"
"Batch3_Cell493","Batch3","3"
"Batch3_Cell494","Batch3","3"
"Batch3_Cell495","Batch3","3"
"Batch3_Cell496","Batch3","3"
"Batch3_Cell497","Batch3","3"
"Batch3_Cell498","Batch3","3"
"Batch3_Cell499","Batch3","3"
"Batch3_Cell500","Batch3","3"
"Batch3_Cell501","Batch3","3"
"Batch3_Cell502","Batch3","3"
"Batch3_Cell503","Batch3","3"
"Batch3_Cell504","Batch3","3"
"Batch3_Cell505","Batch3","3"
"Batch3_Cell506","Batch3","3"
"Batch3_Cell507","Batch3","3"
"Batch3_Cell508","Batch3","3"
"Batch3_Cell509","Batch3","3"
"Batch3_Cell510","Batch3","3"
"Batch3_Cell511","Batch3","3"
"Batch3_Cell512","Batch3","3"
"Batch3_Cell513","Batch3","3"
"Batch3_Cell514","Batch3","3"
"Batch3_Cell515","Batch3","3"
"Batch3_Cell516","Batch3","3"
"Batch3_Cell517","Batch3","3"
"Batch3_Cell518","Batch3","3"
"Batch3_Cell519","Batch3","3"
"Batch3_Cell520","Batch3","3"
"Batch3_Cell521","Batch3","3"
"Batch3_Cell522","Batch3","3"
"Batch3_Cell523","Batch3","3"
"Batch3_Cell524","Batch3","3"
"Batch3_Cell525","Batch3","3"
"Batch3_Cell526","Batch3","3"
"Batch3_Cell527","Batch3","3"
"Batch3_Cell528","Batch3","3"
"Batch3_Cell529","Batch3","3"
"Batch3_Cell530","Batch3","3"
"Batch3_Cell531","Batch3","3"
"Batch3_Cell532","Batch3","3"
"Batch3_Cell533","Batch3","3"
"Batch3_Cell534","Batch3","3"
"Batch3_Cell535","Batch3","3"
"Batch3_Cell536","Batch3","3"
"Batch3_Cell537","Batch3","3"
"Batch3_Cell538","Batch3","3"
"Batch3_Cell539","Batch3","3"
"Batch3_Cell540","Batch3","3"
"Batch3_Cell541","Batch3","3"
"Batch3_Cell542","Batch3","3"
"Batch3_Cell543","Batch3","4"
"Batch3_Cell544","Batch3","3"
"Batch3_Cell545","Batch3","3"
"Batch3_Cell546","Batch3","3"
"Batch3_Cell547","Batch3","3"
"Batch3_Cell548","Batch3","3"
"Batch3_Cell549","Batch3","4"
"Batch3_Cell550","Batch3","3"
"Batch3_Cell551","Batch3","3"
"Batch3_Cell552","Batch3","3"
"Batch3_Cell553","Batch3","3"
"Batch3_Cell554","Batch3","3"
"Batch3_Cell555","Batch3","3"
"Batch3_Cell556","Batch3","3"
"Batch3_Cell557","Batch3","3"
"Batch3_Cell558","Batch3","3"
"Batch3_Cell559","Batch3","3"
"Batch3_Cell560","Batch3","3"
"Batch3_Cell561","Batch3","3"
"Batch3_Cell562","Batch3","3"
"Batch3_Cell563","Batch3","3"
"Batch3_Cell564","Batch3","3"
"Batch3_Cell565","Batch3","3"
"Batch3_Cell566","Batch3","3"
"Batch3_Cell567","Batch3","3"
"Batch3_Cell568","Batch3","3"
"Batch3_Cell569","Batch3","4"
"Batch3_Cell570","Batch3","3"
"Batch3_Cell571","Batch3","4"
"Batch3_Cell572","Batch3","3"
"Batch3_Cell573","Batch3","4"
"Batch3_Cell574","Batch3","3"
"Batch3_Cell575","Batch3","3"
"Batch3_Cell576","Batch3","3"
"Batch3_Cell577","Batch3","3"
"Batch3_Cell578","Batch3","3"
"Batch3_Cell579","Batch3","3"
"Batch3_Cell580","Batch3","3"
"Batch3_Cell581","Batch3","4"
"Batch3_Cell582","Batch3","3"
"Batch3_Cell583","Batch3","4"
"Batch3_Cell584","Batch3","3"
"Batch3_Cell585","Batch3","3"
"Batch3_Cell586","Batch3","3"
"Batch3_Cell587","Batch3","4"
"Batch3_Cell588","Batch3","3"
"Batch3_Cell589","Batch3","3"
"Batch3_Cell590","Batch3","3"
"Batch3_Cell591","Batch3","3"
"Batch3_Cell592","Batch3","4"
"Batch3_Cell593","Batch3","3"
"Batch3_Cell594","Batch3","3"
"Batch3_Cell595","Batch3","3"
"Batch3_Cell596","Batch3","3"
"Batch3_Cell597","Batch3","3"
"Batch3_Cell598","Batch3","4"
"Batch3_Cell599","Batch3","4"
"Batch3_Cell600","Batch3","4"
"Batch3_Cell601","Batch3","3"
"Batch3_Cell602","Batch3","3"
"Batch3_Cell603","Batch3","3"
"Batch3_Cell604","Batch3","3"
"Batch3_Cell605","Batch3","3"
"Batch3_Cell606","Batch3","4"
"Batch3_Cell607","Batch3","4"
"Batch3_Cell608","Batch3","4"
"Batch3_Cell609","Batch3","3"
"Batch3_Cell610","Batch3","4"
"Batch3_Cell611","Batch3","3"
"Batch3_Cell612","Batch3","4"
"Batch3_Cell613","Batch3","3"
"Batch3_Cell614","Batch3","3"
"Batch3_Cell615","Batch3","3"
"Batch3_Cell616","Batch3","3"
"Batch3_Cell617","Batch3","4"
"Batch3_Cell618","Batch3","3"
"Batch3_Cell619","Batch3","3"
"Batch3_Cell620","Batch3","3"
"Batch3_Cell621","Batch3","3"
"Batch3_Cell622","Batch3","3"
"Batch3_Cell623","Batch3","4"
"Batch3_Cell624","Batch3","4"
"Batch3_Cell625","Batch3","4"
"Batch3_Cell626","Batch3","3"
"Batch3_Cell627","Batch3","4"
"Batch3_Cell628","Batch3","4"
"Batch3_Cell629","Batch3","3"
"Batch3_Cell630","Batch3","3"
"Batch3_Cell631","Batch3","4"
"Batch3_Cell632","Batch3","3"
"Batch3_Cell633","Batch3","4"
"Batch3_Cell634","Batch3","3"
"Batch3_Cell635","Batch3","3"
"Batch3_Cell636","Batch3","4"
"Batch3_Cell637","Batch3","4"
"Batch3_Cell638","Batch3","3"
"Batch3_Cell639","Batch3","3"
"Batch3_Cell640","Batch3","3"
"Batch3_Cell641","Batch3","4"
"Batch3_Cell642","Batch3","3"
"Batch3_Cell643","Batch3","4"
"Batch3_Cell644","Batch3","4"
"Batch3_Cell645","Batch3","4"
"Batch3_Cell646","Batch3","3"
"Batch3_Cell647","Batch3","3"
"Batch3_Cell648","Batch3","4"
"Batch3_Cell649","Batch3","3"
"Batch3_Cell650","Batch3","4"
"Batch3_Cell651","Batch3","4"
"Batch3_Cell652","Batch3","4"
"Batch3_Cell653","Batch3","3"
"Batch3_Cell654","Batch3","4"
"Batch3_Cell655","Batch3","4"
"Batch3_Cell656","Batch3","4"
"Batch3_Cell657","Batch3","4"
"Batch3_Cell658","Batch3","4"
"Batch3_Cell659","Batch3","4"
"Batch3_Cell660","Batch3","4"
"Batch3_Cell661","Batch3","4"
"Batch3_Cell662","Batch3","4"
"Batch3_Cell663","Batch3","4"
"Batch3_Cell664","Batch3","4"
"Batch3_Cell665","Batch3","4"
"Batch3_Cell666","Batch3","4"
"Batch3_Cell667","Batch3","4"
"Batch3_Cell668","Batch3","4"
"Batch3_Cell669","Batch3","3"
"Batch3_Cell670","Batch3","4"
"Batch3_Cell671","Batch3","4"
"Batch3_Cell672","Batch3","4"
"Batch3_Cell673","Batch3","4"
"Batch3_Cell674","Batch3","4"
"Batch3_Cell675","Batch3","4"
"Batch3_Cell676","Batch3","4"
"Batch3_Cell677","Batch3","3"
"Batch3_Cell678","Batch3","4"
"Batch3_Cell679","Batch3","4"
"Batch3_Cell680","Batch3","4"
"Batch3_Cell681","Batch3","4"
"Batch3_Cell682","Batch3","4"
"Batch3_Cell683","Batch3","4"
"Batch3_Cell684","Batch3","3"
"Batch3_Cell685","Batch3","4"
"Batch3_Cell686","Batch3","4"
"Batch3_Cell687","Batch3","4"
"Batch3_Cell688","Batch3","3"
"Batch3_Cell689","Batch3","4"
"Batch3_Cell690","Batch3","4"
"Batch3_Cell691","Batch3","4"
"Batch3_Cell692","Batch3","4"
"Batch3_Cell693","Batch3","4"
"Batch3_Cell694","Batch3","4"
"Batch3_Cell695","Batch3","4"
"Batch3_Cell696","Batch3","4"
"Batch3_Cell697","Batch3","3"
"Batch3_Cell698","Batch3","4"
"Batch3_Cell699","Batch3","4"
"Batch3_Cell700","Batch3","4"
"Batch3_Cell701","Batch3","4"
"Batch3_Cell702","Batch3","4"
"Batch3_Cell703","Batch3","3"
"Batch3_Cell704","Batch3","4"
"Batch3_Cell705","Batch3","3"
"Batch3_Cell706","Batch3","4"
"Batch3_Cell707","Batch3","4"
"Batch3_Cell708","Batch3","4"
"Batch3_Cell709","Batch3","4"
"Batch3_Cell710","Batch3","4"
"Batch3_Cell711","Batch3","4"
"Batch3_Cell712","Batch3","4"
"Batch3_Cell713","Batch3","4"
"Batch3_Cell714","Batch3","4"
"Batch3_Cell715","Batch3","4"
"Batch3_Cell716","Batch3","4"
"Batch3_Cell717","Batch3","4"
"Batch3_Cell718","Batch3","4"
"Batch3_Cell719","Batch3","4"
"Batch3_Cell720","Batch3","4"
"Batch3_Cell721","Batch3","3"
"Batch3_Cell722","Batch3","4"
"Batch3_Cell723","Batch3","4"
"Batch3_Cell724","Batch3","4"
"Batch3_Cell725","Batch3","4"
"Batch3_Cell726","Batch3","4"
"Batch3_Cell727","Batch3","4"
"Batch3_Cell728","Batch3","4"
"Batch3_Cell729","Batch3","4"
"Batch3_Cell730","Batch3","4"
"Batch3_Cell731","Batch3","4"
"Batch3_Cell732","Batch3","4"
"Batch3_Cell733","Batch3","4"
"Batch3_Cell734","Batch3","4"
"Batch3_Cell735","Batch3","4"
"Batch3_Cell736","Batch3","4"
"Batch3_Cell737","Batch3","4"
"Batch3_Cell738","Batch3","4"
"Batch3_Cell739","Batch3","4"
"Batch3_Cell740","Batch3","4"
"Batch3_Cell741","Batch3","4"
"Batch3_Cell742","Batch3","4"
"Batch3_Cell743","Batch3","4"
"Batch3_Cell744","Batch3","4"
"Batch3_Cell745","Batch3","3"
"Batch3_Cell746","Batch3","4"
"Batch3_Cell747","Batch3","4"
"Batch3_Cell748","Batch3","4"
"Batch3_Cell749","Batch3","4"
"Batch3_Cell750","Batch3","4"
"Batch3_Cell751","Batch3","4"
"Batch3_Cell752","Batch3","4"
"Batch3_Cell753","Batch3","4"
"Batch3_Cell754","Batch3","4"
"Batch3_Cell755","Batch3","4"
"Batch3_Cell756","Batch3","4"
"Batch3_Cell757","Batch3","4"
"Batch3_Cell758","Batch3","4"
"Batch3_Cell759","Batch3","4"
"Batch3_Cell760","Batch3","4"
"Batch3_Cell761","Batch3","4"
"Batch3_Cell762","Batch3","4"
"Batch3_Cell763","Batch3","4"
"Batch3_Cell764","Batch3","4"
"Batch3_Cell765","Batch3","4"
"Batch3_Cell766","Batch3","4"
"Batch3_Cell767","Batch3","4"
"Batch3_Cell768","Batch3","4"
"Batch3_Cell769","Batch3","4"
"Batch3_Cell770","Batch3","4"
"Batch3_Cell771","Batch3","4"
"Batch3_Cell772","Batch3","4"
"Batch3_Cell773","Batch3","4"
"Batch3_Cell774","Batch3","4"
"Batch3_Cell775","Batch3","4"
"Batch3_Cell776","Batch3","4"
"Batch3_Cell777","Batch3","4"
"Batch3_Cell778","Batch3","4"
"Batch3_Cell779","Batch3","4"
"Batch3_Cell780","Batch3","4"
"Batch3_Cell781","Batch3","4"
"Batch3_Cell782","Batch3","4"
"Batch3_Cell783","Batch3","4"
"Batch3_Cell784","Batch3","4"
"Batch3_Cell785","Batch3","4"
"Batch3_Cell786","Batch3","4"
"Batch3_Cell787","Batch3","4"
"Batch3_Cell788","Batch3","4"
"Batch3_Cell789","Batch3","4"
"Batch3_Cell790","Batch3","4"
"Batch3_Cell791","Batch3","4"
"Batch3_Cell792","Batch3","4"
"Batch3_Cell793","Batch3","4"
"Batch3_Cell794","Batch3","4"
"Batch3_Cell795","Batch3","4"
"Batch3_Cell796","Batch3","4"
"Batch3_Cell797","Batch3","4"
"Batch3_Cell798","Batch3","4"
"Batch3_Cell799","Batch3","4"
"Batch3_Cell800","Batch3","4"
"Batch3_Cell801","Batch3","4"
"Batch3_Cell802","Batch3","4"
"Batch3_Cell803","Batch3","4"
"Batch3_Cell804","Batch3","4"
"Batch3_Cell805","Batch3","4"
"Batch3_Cell806","Batch3","4"
"Batch3_Cell807","Batch3","4"
"Batch3_Cell808","Batch3","4"
"Batch3_Cell809","Batch3","4"
"Batch3_Cell810","Batch3","4"
"Batch3_Cell811","Batch3","4"
"Batch3_Cell812","Batch3","4"
"Batch3_Cell813","Batch3","4"
"Batch3_Cell814","Batch3","4"
"Batch3_Cell815","Batch3","4"
"Batch3_Cell816","Batch3","4"
"Batch3_Cell817","Batch3","4"
"Batch3_Cell818","Batch3","4"
"Batch3_Cell819","Batch3","4"
"Batch3_Cell820","Batch3","4"
"Batch3_Cell821","Batch3","4"
"Batch3_Cell822","Batch3","4"
"Batch3_Cell823","Batch3","4"
"Batch3_Cell824","Batch3","4"
"Batch3_Cell825","Batch3","4"
"Batch3_Cell826","Batch3","4"
"Batch3_Cell827","Batch3","4"
"Batch3_Cell828","Batch3","4"
"Batch3_Cell829","Batch3","4"
"Batch3_Cell830","Batch3","4"
"Batch3_Cell831","Batch3","4"
"Batch3_Cell832","Batch3","4"
"Batch3_Cell833","Batch3","4"
"Batch3_Cell834","Batch3","4"
"Batch3_Cell835","Batch3","4"
"Batch3_Cell836","Batch3","4"
"Batch3_Cell837","Batch3","4"
"Batch3_Cell838","Batch3","4"
"Batch3_Cell839","Batch3","4"
"Batch3_Cell840","Batch3","4"
"Batch3_Cell841","Batch3","4"
"Batch3_Cell842","Batch3","4"
"Batch3_Cell843","Batch3","4"
"Batch3_Cell844","Batch3","4"
"Batch3_Cell845","Batch3","4"
"Batch3_Cell846","Batch3","4"
"Batch3_Cell847","Batch3","4"
"Batch3_Cell848","Batch3","4"
"Batch3_Cell849","Batch3","4"
"Batch3_Cell850","Batch3","4"
"Batch3_Cell851","Batch3","4"
"Batch3_Cell852","Batch3","4"
"Batch3_Cell853","Batch3","4"
"Batch3_Cell854","Batch3","4"
"Batch3_Cell855","Batch3","4"
"Batch3_Cell856","Batch3","4"
"Batch3_Cell857","Batch3","4"
"Batch3_Cell858","Batch3","4"
"Batch3_Cell859","Batch3","4"
"Batch3_Cell860","Batch3","4"
"Batch3_Cell861","Batch3","4"
"Batch3_Cell862","Batch3","4"
"Batch3_Cell863","Batch3","4"
"Batch3_Cell864","Batch3","4"
"Batch3_Cell865","Batch3","4"
"Batch3_Cell866","Batch3","4"
"Batch3_Cell867","Batch3","4"
"Batch3_Cell868","Batch3","4"
"Batch3_Cell869","Batch3","4"
"Batch3_Cell870","Batch3","4"
"Batch3_Cell871","Batch3","4"
"Batch3_Cell872","Batch3","4"
"Batch3_Cell873","Batch3","4"
"Batch3_Cell874","Batch3","4"
"Batch3_Cell875","Batch3","4"
"Batch3_Cell876","Batch3","4"
"Batch3_Cell877","Batch3","4"
"Batch3_Cell878","Batch3","4"
"Batch3_Cell879","Batch3","4"
"Batch3_Cell880","Batch3","4"
"Batch3_Cell881","Batch3","4"
"Batch3_Cell882","Batch3","4"
"Batch3_Cell883","Batch3","4"
"Batch3_Cell884","Batch3","4"
"Batch3_Cell885","Batch3","4"
"Batch3_Cell886","Batch3","4"
"Batch3_Cell887","Batch3","4"
"Batch3_Cell888","Batch3","4"
"Batch3_Cell889","Batch3","4"
"Batch3_Cell890","Batch3","4"
"Batch3_Cell891","Batch3","4"
"Batch3_Cell892","Batch3","4"
"Batch3_Cell893","Batch3","4"
"Batch3_Cell894","Batch3","4"
"Batch3_Cell895","Batch3","4"
"Batch3_Cell896","Batch3","4"
"Batch3_Cell897","Batch3","4"
"Batch3_Cell898","Batch3","4"
"Batch3_Cell899","Batch3","4"
"Batch3_Cell900","Batch3","4"
"Batch3_Cell901","Batch3","4"
"Batch3_Cell902","Batch3","4"
"Batch3_Cell903","Batch3","4"
"Batch3_Cell904","Batch3","4"
"Batch3_Cell905","Batch3","4"
"Batch3_Cell906","Batch3","4"
"Batch3_Cell907","Batch3","4"
"Batch3_Cell908","Batch3","4"
"Batch3_Cell909","Batch3","4"
"Batch3_Cell910","Batch3","4"
"Batch3_Cell911","Batch3","4"
"Batch3_Cell912","Batch3","4"
"Batch3_Cell913","Batch3","4"
"Batch3_Cell914","Batch3","4"
"Batch3_Cell915","Batch3","4"
"Batch3_Cell916","Batch3","4"
"Batch3_Cell917","Batch3","4"
"Batch3_Cell918","Batch3","4"
"Batch3_Cell919","Batch3","4"
"Batch3_Cell920","Batch3","4"
"Batch3_Cell921","Batch3","4"
"Batch3_Cell922","Batch3","4"
"Batch3_Cell923","Batch3","4"
"Batch3_Cell924","Batch3","4"
"Batch3_Cell925","Batch3","4"
"Batch3_Cell926","Batch3","4"
"Batch3_Cell927","Batch3","4"
"Batch3_Cell928","Batch3","4"
"Batch3_Cell929","Batch3","4"
"Batch3_Cell930","Batch3","4"
"Batch3_Cell931","Batch3","4"
"Batch3_Cell932","Batch3","4"
"Batch3_Cell933","Batch3","4"
"Batch3_Cell934","Batch3","4"
"Batch3_Cell935","Batch3","4"
"Batch3_Cell936","Batch3","4"
"Batch3_Cell937","Batch3","4"
"Batch3_Cell938","Batch3","4"
"Batch3_Cell939","Batch3","4"
"Batch3_Cell940","Batch3","4"
"Batch3_Cell941","Batch3","4"
"Batch3_Cell942","Batch3","4"
"Batch3_Cell943","Batch3","4"
"Batch3_Cell944","Batch3","4"
"Batch3_Cell945","Batch3","4"
"Batch3_Cell946","Batch3","4"
"Batch3_Cell947","Batch3","4"
"Batch3_Cell948","Batch3","4"
"Batch3_Cell949","Batch3","4"
"Batch3_Cell950","Batch3","4"
"Batch3_Cell951","Batch3","4"
"Batch3_Cell952","Batch3","4"
"Batch3_Cell953","Batch3","4"
"Batch3_Cell954","Batch3","4"
"Batch3_Cell955","Batch3","4"
"Batch3_Cell956","Batch3","4"
"Batch3_Cell957","Batch3","4"
"Batch3_Cell958","Batch3","4"
"Batch3_Cell959","Batch3","4"
"Batch3_Cell960","Batch3","4"
"Batch3_Cell961","Batch3","4"
"Batch3_Cell962","Batch3","4"
"Batch3_Cell963","Batch3","4"
"Batch3_Cell964","Batch3","4"
"Batch3_Cell965","Batch3","4"
"Batch3_Cell966","Batch3","4"
"Batch3_Cell967","Batch3","4"
"Batch3_Cell968","Batch3","4"
"Batch3_Cell969","Batch3","4"
"Batch3_Cell970","Batch3","4"
"Batch3_Cell971","Batch3","4"
"Batch3_Cell972","Batch3","4"
"Batch3_Cell973","Batch3","4"
"Batch3_Cell974","Batch3","4"
"Batch3_Cell975","Batch3","4"
"Batch3_Cell976","Batch3","4"
"Batch3_Cell977","Batch3","4"
"Batch3_Cell978","Batch3","4"
"Batch3_Cell979","Batch3","4"
"Batch3_Cell980","Batch3","4"
"Batch3_Cell981","Batch3","4"
"Batch3_Cell982","Batch3","4"
"Batch3_Cell983","Batch3","4"
"Batch3_Cell984","Batch3","4"
"Batch3_Cell985","Batch3","4"
"Batch3_Cell986","Batch3","4"
"Batch3_Cell987","Batch3","4"
"Batch3_Cell988","Batch3","4"
"Batch3_Cell989","Batch3","4"
"Batch3_Cell990","Batch3","4"
"Batch3_Cell991","Batch3","4"
"Batch3_Cell992","Batch3","4"
"Batch3_Cell993","Batch3","4"
"Batch3_Cell994","Batch3","4"
"Batch3_Cell995","Batch3","4"
"Batch3_Cell996","Batch3","4"
"Batch3_Cell997","Batch3","4"
"Batch3_Cell998","Batch3","4"
"Batch3_Cell999","Batch3","4"
"Batch3_Cell1000","Batch3","4"
"Batch3_Cell1001","Batch3","4"
"Batch3_Cell1002","Batch3","4"
"Batch3_Cell1003","Batch3","4"
"Batch3_Cell1004","Batch3","4"
"Batch3_Cell1005","Batch3","4"
"Batch3_Cell1006","Batch3","4"
"Batch3_Cell1007","Batch3","4"
"Batch3_Cell1008","Batch3","4"
"Batch3_Cell1009","Batch3","4"
"Batch3_Cell1010","Batch3","4"
"Batch3_Cell1011","Batch3","4"
"Batch3_Cell1012","Batch3","4"
"Batch3_Cell1013","Batch3","4"
"Batch3_Cell1014","Batch3","4"
"Batch3_Cell1015","Batch3","4"
"Batch3_Cell1016","Batch3","4"
"Batch3_Cell1017","Batch3","4"
"Batch3_Cell1018","Batch3","4"
"Batch3_Cell1019","Batch3","4"
"Batch3_Cell1020","Batch3","4"
"Batch3_Cell1021","Batch3","4"
"Batch3_Cell1022","Batch3","4"
"Batch3_Cell1023","Batch3","4"
"Batch3_Cell1024","Batch3","4"
"Batch3_Cell1025","Batch3","4"
"Batch3_Cell1026","Batch3","4"
"Batch3_Cell1027","Batch3","4"
"Batch3_Cell1028","Batch3","4"
"Batch3_Cell1029","Batch3","4"
"Batch3_Cell1030","Batch3","4"
"Batch3_Cell1031","Batch3","4"
"Batch3_Cell1032","Batch3","4"
"Batch3_Cell1033","Batch3","4"
"Batch3_Cell1034","Batch3","4"
"Batch3_Cell1035","Batch3","4"
"Batch3_Cell1036","Batch3","4"
"Batch3_Cell1037","Batch3","4"
"Batch3_Cell1038","Batch3","4"
"Batch3_Cell1039","Batch3","4"
"Batch3_Cell1040","Batch3","4"
"Batch3_Cell1041","Batch3","4"
"Batch3_Cell1042","Batch3","4"
"Batch3_Cell1043","Batch3","4"
"Batch3_Cell1044","Batch3","4"
"Batch3_Cell1045","Batch3","4"
"Batch3_Cell1046","Batch3","4"
"Batch3_Cell1047","Batch3","4"
"Batch3_Cell1048","Batch3","4"
"Batch3_Cell1049","Batch3","4"
"Batch3_Cell1050","Batch3","4"
"Batch3_Cell1051","Batch3","4"
"Batch3_Cell1052","Batch3","4"
"Batch3_Cell1053","Batch3","4"
"Batch3_Cell1054","Batch3","4"
"Batch3_Cell1055","Batch3","4"
"Batch3_Cell1056","Batch3","4"
"Batch3_Cell1057","Batch3","4"
"Batch3_Cell1058","Batch3","4"
"Batch3_Cell1059","Batch3","4"
"Batch3_Cell1060","Batch3","4"
"Batch3_Cell1061","Batch3","4"
"Batch3_Cell1062","Batch3","4"
"Batch3_Cell1063","Batch3","4"
"Batch3_Cell1064","Batch3","4"
"Batch3_Cell1065","Batch3","4"
"Batch3_Cell1066","Batch3","4"
"Batch3_Cell1067","Batch3","4"
"Batch3_Cell1068","Batch3","4"
"Batch3_Cell1069","Batch3","4"
"Batch3_Cell1070","Batch3","4"
"Batch3_Cell1071","Batch3","4"
"Batch3_Cell1072","Batch3","4"
"Batch3_Cell1073","Batch3","4"
"Batch3_Cell1074","Batch3","4"
"Batch3_Cell1075","Batch3","4"
"Batch3_Cell1076","Batch3","4"
"Batch3_Cell1077","Batch3","4"
"Batch3_Cell1078","Batch3","4"
"Batch3_Cell1079","Batch3","4"
"Batch3_Cell1080","Batch3","4"
"Batch3_Cell1081","Batch3","4"
"Batch3_Cell1082","Batch3","4"
"Batch3_Cell1083","Batch3","4"
"Batch3_Cell1084","Batch3","4"
"Batch3_Cell1085","Batch3","4"
"Batch3_Cell1086","Batch3","4"
"Batch3_Cell1087","Batch3","4"
"Batch3_Cell1088","Batch3","4"
